customer_id,first_name,last_name,email,phone,city,country,created_at,updated_at
1,Sai,Charan,sai@example.com,9876543210,Chennai,India,2026-08-06 15:45:56.223634,2026-08-06 15:45:56.223634
2,Forum,Varkey,igrover@example.com,8216144904,Bhilai,India,2026-08-06 15:51:49.685389,2026-08-06 15:51:49.685389
3,Chanakya,Dora,pahal59@example.net,3464956780,Pimpri-Chinchwad,India,2026-08-06 15:51:50.757230,2026-08-06 15:51:50.757230
4,Hemangini,Cherian,ubika19@example.org,7195184950,Tiruvottiyur,India,2026-08-06 15:51:51.688120,2026-08-06 15:51:51.688120
5,Lopa,Setty,frandhawa@example.com,5263292117,Thrissur,India,2026-08-06 15:51:52.707750,2026-08-06 15:51:52.707750
6,Jagat,Prashad,watika16@example.net,5140812020,Thoothukudi,India,2026-08-06 15:51:53.487675,2026-08-06 15:51:53.487675
7,Devansh,Batra,jagdishgolla@example.com,3937488198,Loni,India,2026-08-06 15:51:54.358142,2026-08-06 15:51:54.358142
8,Vedika,Narang,logankohli@example.com,1399591466,Salem,India,2026-08-06 15:51:55.172406,2026-08-06 15:51:55.172406
9,Neha,Mishra,ekalingachaudhuri@example.com,7564619788,Nagaon,India,2026-08-06 15:51:55.932713,2026-08-06 15:51:55.932713
10,Zinal,Sharma,meera27@example.net,2030314061,Nangloi Jat,India,2026-08-06 15:51:56.840097,2026-08-06 15:51:56.840097
11,Nidhi,Samra,ishani18@example.net,4784635812,Gaya,India,2026-08-06 15:51:57.993300,2026-08-06 15:51:57.993300
12,Siddharth,Nadig,mekhalaparmer@example.net,5277880093,Ghaziabad,India,2026-08-06 15:51:59.268051,2026-08-06 15:51:59.268051
13,Mekhala,Mitter,kamalakrishna@example.org,9595414649,Bijapur,India,2026-08-06 15:52:00.067388,2026-08-06 15:52:00.067388
14,Harinakshi,Sarin,sastryranveer@example.com,6818063168,Ghaziabad,India,2026-08-06 15:52:01.279768,2026-08-06 15:52:01.279768
15,Girindra,Chatterjee,faris45@example.org,9889668916,Bathinda,India,2026-08-06 15:52:02.213099,2026-08-06 15:52:02.213099
16,Faras,Kala,pratyushchokshi@example.com,5425504219,Siwan,India,2026-08-06 15:52:03.333412,2026-08-06 15:52:03.333412
17,Yashica,Shah,nvohra@example.org,7383053111,Jamalpur,India,2026-08-06 15:52:04.229153,2026-08-06 15:52:04.229153
18,Indira,Mangat,maanas80@example.com,5363540874,Serampore,India,2026-08-06 15:52:05.052889,2026-08-06 15:52:05.052889
19,Madhavi,Bir,chanchal54@example.com,4789421930,Kirari Suleman Nagar,India,2026-08-06 15:52:05.899864,2026-08-06 15:52:05.899864
20,Yachana,Magar,mangatcharles@example.net,3333570137,Tirupati,India,2026-08-06 15:52:06.644774,2026-08-06 15:52:06.644774
21,Sai,Venkatesh,samuelrege@example.com,0245936849,Ballia,India,2026-08-06 15:52:07.513306,2026-08-06 15:52:07.513306
22,Manan,Parmar,kmandal@example.com,0296235407,Raipur,India,2026-08-06 15:52:08.392693,2026-08-06 15:52:08.392693
23,Amol,Goyal,dkar@example.net,7024152644,Satna,India,2026-08-06 15:52:09.437743,2026-08-06 15:52:09.437743
24,Devansh,Rama,irya96@example.org,2332156871,Haridwar,India,2026-08-06 15:52:10.332787,2026-08-06 15:52:10.332787
25,Hemani,Butala,divya41@example.net,1669800886,Mau,India,2026-08-06 15:52:11.172763,2026-08-06 15:52:11.172763
26,Pratyush,Murthy,jswamy@example.com,8700021180,Pimpri-Chinchwad,India,2026-08-06 15:52:12.123539,2026-08-06 15:52:12.123539
27,Kritika,Srinivas,deepajayaraman@example.net,9262691927,Guna,India,2026-08-06 15:52:13.192770,2026-08-06 15:52:13.192770
28,Advik,Garde,vincenttailor@example.org,2443972829,Shahjahanpur,India,2026-08-06 15:52:14.047813,2026-08-06 15:52:14.047813
29,Madhavi,Reddy,bchokshi@example.net,5345325946,South Dumdum,India,2026-08-06 15:52:14.892853,2026-08-06 15:52:14.892853
30,Madhavi,Ramachandran,shethtanmayi@example.net,8253398688,Satna,India,2026-08-06 15:52:15.779697,2026-08-06 15:52:15.779697
31,Nathaniel,Sibal,bvarughese@example.org,5856857556,Panipat,India,2026-08-06 15:52:16.671029,2026-08-06 15:52:16.671029
32,Sarthak,Merchant,ochaudhari@example.org,9627747264,Ichalkaranji,India,2026-08-06 15:52:17.522970,2026-08-06 15:52:17.522970
33,Sanya,Deo,falan32@example.com,6717446335,Gurgaon,India,2026-08-06 15:52:18.638439,2026-08-06 15:52:18.638439
34,Girik,Bawa,gaurangi22@example.com,7082283377,Siliguri,India,2026-08-06 15:52:19.773728,2026-08-06 15:52:19.773728
35,Charles,Dey,yoshitaprabhakar@example.net,4036542713,Ongole,India,2026-08-06 15:52:20.820558,2026-08-06 15:52:20.820558
36,Chasmum,Garde,ethannagarajan@example.net,8477819292,Barasat,India,2026-08-06 15:52:21.848257,2026-08-06 15:52:21.848257
37,Jalsa,Setty,advika13@example.org,0017271333,Delhi,India,2026-08-06 15:52:22.933326,2026-08-06 15:52:22.933326
38,Onveer,Dugar,daniel49@example.com,1805284548,Maheshtala,India,2026-08-06 15:52:23.975611,2026-08-06 15:52:23.975611
39,Tanish,Dass,psanghvi@example.org,5312734870,Bhilwara,India,2026-08-06 15:52:24.818132,2026-08-06 15:52:24.818132
40,Anvi,Seth,borahluke@example.net,4499620319,Uluberia,India,2026-08-06 15:52:25.598265,2026-08-06 15:52:25.598265
41,Maanav,Narasimhan,mannanyauvani@example.com,4067957014,Fatehpur,India,2026-08-06 15:52:26.615753,2026-08-06 15:52:26.615753
42,Imaran,Sarma,alexanderratti@example.org,1008480105,Durgapur,India,2026-08-06 15:52:27.533394,2026-08-06 15:52:27.533394
43,Warda,Palan,vbumb@example.org,3493664966,Nagpur,India,2026-08-06 15:52:28.362732,2026-08-06 15:52:28.362732
44,Ishita,Ranganathan,wthakkar@example.com,8942047352,Dindigul,India,2026-08-06 15:52:29.465201,2026-08-06 15:52:29.465201
45,Faris,Vohra,ishani87@example.net,8144874805,Kakinada,India,2026-08-06 15:52:30.277144,2026-08-06 15:52:30.277144
46,Aarush,Dasgupta,gourqadim@example.com,6573447982,Kadapa,India,2026-08-06 15:52:31.090250,2026-08-06 15:52:31.090250
47,Imaran,Sekhon,luckysolanki@example.org,5036231273,Mirzapur,India,2026-08-06 15:52:32.233069,2026-08-06 15:52:32.233069
48,Eshana,Vyas,pingleindira@example.net,8392931778,Sagar,India,2026-08-06 15:52:33.301896,2026-08-06 15:52:33.301896
49,Anirudh,Ramakrishnan,ekalingamaster@example.net,8961942177,Phusro,India,2026-08-06 15:52:34.540658,2026-08-06 15:52:34.540658
50,Darika,Dubey,ksarkar@example.com,2857630538,Rohtak,India,2026-08-06 15:52:35.394709,2026-08-06 15:52:35.394709
51,Krishna,Kamdar,ubika13@example.org,5303623008,Nagercoil,India,2026-08-06 15:52:36.427754,2026-08-06 15:52:36.427754
52,Bahadurjit,Srinivas,ltrivedi@example.net,1992001325,Gurgaon,India,2026-08-06 15:52:37.303067,2026-08-06 15:52:37.303067
53,Gautam,Venkatesh,nidra50@example.net,5557811319,Korba,India,2026-08-06 15:52:38.293332,2026-08-06 15:52:38.293332
54,Owen,Subramaniam,aradhanabrar@example.net,3248879196,Rewa,India,2026-08-06 15:52:39.318499,2026-08-06 15:52:39.318499
55,Nathaniel,Padmanabhan,amrita38@example.org,5735871009,Phagwara,India,2026-08-06 15:52:40.165182,2026-08-06 15:52:40.165182
56,Bhavya,Viswanathan,noahmittal@example.net,5384209435,North Dumdum,India,2026-08-06 15:52:41.192948,2026-08-06 15:52:41.192948
57,Tamanna,Nayak,mohantyalexander@example.net,5931487073,Giridih,India,2026-08-06 15:52:42.017759,2026-08-06 15:52:42.017759
58,Christopher,Tripathi,ravalbakhshi@example.net,3180600711,Coimbatore,India,2026-08-06 15:52:43.171093,2026-08-06 15:52:43.171093
59,Rachana,Dayal,sachdevaisaac@example.com,4510333768,Nadiad,India,2026-08-06 15:52:44.003689,2026-08-06 15:52:44.003689
60,Rohan,Dalal,hbadami@example.org,0180890381,Rajkot,India,2026-08-06 15:52:44.923470,2026-08-06 15:52:44.923470
61,Shaurya,Shan,prasadfaqid@example.net,0037625082,Kamarhati,India,2026-08-06 15:52:45.693004,2026-08-06 15:52:45.693004
62,Pooja,Bala,fariqmadan@example.com,0878436435,Howrah,India,2026-08-06 15:52:46.728451,2026-08-06 15:52:46.728451
63,Yashica,Badami,dganesan@example.net,7990394961,Bijapur,India,2026-08-06 15:52:47.860621,2026-08-06 15:52:47.860621
64,Alka,Chakrabarti,mangatgabriel@example.net,6764466184,Pallavaram,India,2026-08-06 15:52:48.850529,2026-08-06 15:52:48.850529
65,Nachiket,Lall,xmital@example.org,1773394094,Bhind,India,2026-08-06 15:52:49.823392,2026-08-06 15:52:49.823392
66,Yutika,Brar,mohammed61@example.org,9204441404,Adoni,India,2026-08-06 15:52:51.071024,2026-08-06 15:52:51.071024
67,Maanas,Shenoy,girindra84@example.com,2413118341,Nandyal,India,2026-08-06 15:52:51.816075,2026-08-06 15:52:51.816075
68,Chakradev,Wali,rastogiridhi@example.com,2840279129,Bhatpara,India,2026-08-06 15:52:52.704757,2026-08-06 15:52:52.704757
69,Amruta,Devi,vrittipurohit@example.org,0292606319,Bhubaneswar,India,2026-08-06 15:52:53.568104,2026-08-06 15:52:53.568104
70,Anamika,Rattan,manyadutt@example.net,7209290059,Durg,India,2026-08-06 15:52:54.956055,2026-08-06 15:52:54.956055
71,William,Manda,nimrat02@example.net,7056241611,Durgapur,India,2026-08-06 15:52:55.818145,2026-08-06 15:52:55.818145
72,Neel,Madan,rishi21@example.net,0540283010,Aurangabad,India,2026-08-06 15:52:56.763192,2026-08-06 15:52:56.763192
73,Faraj,Contractor,kundaridhi@example.com,6554760426,Aurangabad,India,2026-08-06 15:52:57.727473,2026-08-06 15:52:57.727473
74,Gauri,Seth,yatanminhas@example.net,0413129833,Raipur,India,2026-08-06 15:52:58.653001,2026-08-06 15:52:58.653001
75,Ojas,Ramanathan,jagdishmurthy@example.org,2928990645,Gangtok,India,2026-08-06 15:53:00.545089,2026-08-06 15:53:00.545089
76,Isha,Oommen,rgoyal@example.net,7588536531,Gwalior,India,2026-08-06 15:53:01.967993,2026-08-06 15:53:01.967993
77,Anvi,Samra,balveer86@example.org,4427888797,Patna,India,2026-08-06 15:53:02.833113,2026-08-06 15:53:02.833113
78,Yamini,Roy,cjayaraman@example.org,6323798436,Bhimavaram,India,2026-08-06 15:53:03.733225,2026-08-06 15:53:03.733225
79,Jyoti,Balasubramanian,pahalhayer@example.net,9833471417,Rewa,India,2026-08-06 15:53:04.583621,2026-08-06 15:53:04.583621
80,Prisha,Wagle,pushtibajwa@example.com,4337777420,Khandwa,India,2026-08-06 15:53:05.538353,2026-08-06 15:53:05.538353
81,Damyanti,Sachdev,desainitara@example.org,0796888117,Solapur,India,2026-08-06 15:53:06.343702,2026-08-06 15:53:06.343702
82,Netra,Khosla,yahvisarna@example.net,5375417471,Miryalaguda,India,2026-08-06 15:53:07.072657,2026-08-06 15:53:07.072657
83,Ishani,Choudhry,idika95@example.com,5292761216,Kakinada,India,2026-08-06 15:53:07.937510,2026-08-06 15:53:07.937510
84,Bhavini,Joshi,patlawridesh@example.net,2299560757,Nagercoil,India,2026-08-06 15:53:08.830911,2026-08-06 15:53:08.830911
85,Ekantika,Manne,onveerjani@example.net,7668787769,Bathinda,India,2026-08-06 15:53:09.759147,2026-08-06 15:53:09.759147
86,Ucchal,Shankar,chandtanish@example.com,2630985529,Davanagere,India,2026-08-06 15:53:10.637985,2026-08-06 15:53:10.637985
87,Warhi,Sarna,hprabhakar@example.net,2816405289,Khora ,India,2026-08-06 15:53:11.575176,2026-08-06 15:53:11.575176
88,Oviya,Varghese,rayaanmerchant@example.net,8653688969,Coimbatore,India,2026-08-06 15:53:12.497991,2026-08-06 15:53:12.497991
89,Gabriel,Mohan,xrege@example.com,3742332982,Srinagar,India,2026-08-06 15:53:13.347934,2026-08-06 15:53:13.347934
90,Rachita,Bera,robertbatra@example.net,2984377582,Bikaner,India,2026-08-06 15:53:14.137605,2026-08-06 15:53:14.137605
91,Waida,Mall,eshanachadha@example.org,1506205345,Orai,India,2026-08-06 15:53:15.308009,2026-08-06 15:53:15.308009
92,Wishi,Kade,sathvik93@example.com,0202845715,Bhopal,India,2026-08-06 15:53:16.417822,2026-08-06 15:53:16.417822
93,Baghyawati,Mann,tsrinivasan@example.com,3514180648,Ahmedabad,India,2026-08-06 15:53:17.367857,2026-08-06 15:53:17.367857
94,Samuel,Sha,andrewthaman@example.org,4666298186,Tirupati,India,2026-08-06 15:53:18.308561,2026-08-06 15:53:18.308561
95,Banjeet,Arya,gaurangtailor@example.org,6548392733,Solapur,India,2026-08-06 15:53:19.398030,2026-08-06 15:53:19.398030
96,Janya,Balan,elijah71@example.net,7009688725,Eluru,India,2026-08-06 15:53:20.395207,2026-08-06 15:53:20.395207
97,Harita,Samra,ssetty@example.com,9607945473,Secunderabad,India,2026-08-06 15:53:21.277696,2026-08-06 15:53:21.277696
98,Zilmil,Tandon,dhingrasachi@example.com,0712065455,Raipur,India,2026-08-06 15:53:22.050738,2026-08-06 15:53:22.050738
99,Tejas,Sachdeva,raghav96@example.net,8332924110,Aurangabad,India,2026-08-06 15:53:22.893086,2026-08-06 15:53:22.893086
100,Mason,Bhatt,chadhayamini@example.org,1107891955,Gudivada,India,2026-08-06 15:53:23.958250,2026-08-06 15:53:23.958250
101,Agastya,Bhasin,xprashad@example.com,0809420368,Morbi,India,2026-08-06 15:53:24.953225,2026-08-06 15:53:24.953225
102,Aditya,Sheth,golapahal@example.com,5019702351,Nanded,India,2026-08-06 15:53:25.918608,2026-08-06 15:53:25.918608
103,Praneel,Swaminathan,farhanvala@example.org,2882776739,Miryalaguda,India,2026-08-06 15:53:27.388481,2026-08-06 15:53:27.388481
104,Bakhshi,Mitra,ikothari@example.com,0204200788,Orai,India,2026-08-06 15:53:37.693207,2026-08-06 15:53:37.693207
105,Mohammed,Banerjee,riya94@example.com,1797602006,Ozhukarai,India,2026-08-06 15:53:44.729948,2026-08-06 15:53:44.729948
106,Diya,Mangal,pmani@example.net,6112338415,Ambarnath,India,2026-08-06 15:53:47.115957,2026-08-06 15:53:47.115957
107,Ria,Murthy,chanaonveer@example.com,9765447650,Bikaner,India,2026-08-06 15:53:50.338136,2026-08-06 15:53:50.338136
108,Rishi,Wadhwa,tripathimohini@example.org,0721398175,Agartala,India,2026-08-06 15:53:51.528095,2026-08-06 15:53:51.528095
109,Ikbal,Chand,vivaanganesh@example.org,3053121591,Sangli-Miraj & Kupwad,India,2026-08-06 15:53:52.457918,2026-08-06 15:53:52.457918
110,Aahana,Barman,madhavi61@example.net,1390154486,Gaya,India,2026-08-06 15:53:53.282556,2026-08-06 15:53:53.282556
111,Sneha,Palla,vwable@example.net,2978532720,Coimbatore,India,2026-08-06 15:53:54.123263,2026-08-06 15:53:54.123263
112,Pavani,Apte,ekiya50@example.com,5564745059,Ujjain,India,2026-08-06 15:53:55.089335,2026-08-06 15:53:55.089335
113,Aahana,Natarajan,darpanmurthy@example.org,1900664449,Dehri,India,2026-08-06 15:53:55.978288,2026-08-06 15:53:55.978288
114,Rachita,Parmer,gverma@example.org,1613648952,Chandigarh,India,2026-08-06 15:53:56.783398,2026-08-06 15:53:56.783398
115,Chatresh,Kalita,noahgill@example.net,0859140074,Pudukkottai,India,2026-08-06 15:53:57.730806,2026-08-06 15:53:57.730806
116,Yochana,Srinivas,noahboase@example.net,8217357003,Thiruvananthapuram,India,2026-08-06 15:53:58.565152,2026-08-06 15:53:58.565152
117,Libni,Srivastava,qasim03@example.com,1934300749,Sultan Pur Majra,India,2026-08-06 15:53:59.525943,2026-08-06 15:53:59.525943
118,Samesh,Pandya,sridharamruta@example.org,8506696988,Tadipatri,India,2026-08-06 15:54:00.528187,2026-08-06 15:54:00.528187
119,Xavier,Issac,godatriya@example.com,0852409228,Mumbai,India,2026-08-06 15:54:01.382894,2026-08-06 15:54:01.382894
120,Tanish,Sanghvi,mahajanbrinda@example.net,2905198057,Giridih,India,2026-08-06 15:54:02.183592,2026-08-06 15:54:02.183592
121,Aahana,Tella,sagarkeya@example.net,8005532606,Aizawl,India,2026-08-06 15:54:02.878031,2026-08-06 15:54:02.878031
122,Arin,Sundaram,cbadal@example.com,0546901075,Tumkur,India,2026-08-06 15:54:03.612703,2026-08-06 15:54:03.612703
123,Nitara,Thaker,pmallick@example.net,0747534972,Gudivada,India,2026-08-06 15:54:04.453009,2026-08-06 15:54:04.453009
124,Ikshita,Palan,ladlisahni@example.com,8006775259,Tirunelveli,India,2026-08-06 15:54:05.352803,2026-08-06 15:54:05.352803
125,Aarnav,Tank,rattijai@example.com,2527157902,Hapur,India,2026-08-06 15:54:06.032789,2026-08-06 15:54:06.032789
126,Eta,Kakar,kakarbimala@example.net,4429916225,Bathinda,India,2026-08-06 15:54:06.895979,2026-08-06 15:54:06.895979
127,Nandini,Barman,maanassaha@example.net,6545340307,Haldia,India,2026-08-06 15:54:07.893284,2026-08-06 15:54:07.893284
128,Rachit,Ramanathan,hdave@example.net,2367257896,Jaipur,India,2026-08-06 15:54:09.042585,2026-08-06 15:54:09.042585
129,Gopal,Chokshi,ebadami@example.net,7318282269,Ichalkaranji,India,2026-08-06 15:54:09.923334,2026-08-06 15:54:09.923334
130,Bhanumati,Batta,owensibal@example.com,9183155277,Junagadh,India,2026-08-06 15:54:10.768074,2026-08-06 15:54:10.768074
131,Benjamin,Sekhon,krisha32@example.net,7649820304,Nellore,India,2026-08-06 15:54:11.718342,2026-08-06 15:54:11.718342
132,Farhan,Batra,harinakshikumar@example.org,1471494162,Chinsurah,India,2026-08-06 15:54:12.418279,2026-08-06 15:54:12.418279
133,Caleb,Krishnamurthy,januja78@example.net,8943216359,Bhilai,India,2026-08-06 15:54:13.256112,2026-08-06 15:54:13.256112
134,Brijesh,Dar,rachitsaraf@example.org,5405467087,Sagar,India,2026-08-06 15:54:14.087457,2026-08-06 15:54:14.087457
135,Amaira,Dugar,nirjakapoor@example.com,2932156263,Ambala,India,2026-08-06 15:54:14.958359,2026-08-06 15:54:14.958359
136,Wyatt,Saha,karpedominic@example.org,6544276839,Indore,India,2026-08-06 15:54:15.815217,2026-08-06 15:54:15.815217
137,Tanvi,Johal,daksh50@example.com,1879156707,Burhanpur,India,2026-08-06 15:54:16.770506,2026-08-06 15:54:16.770506
138,Hemangini,Ramanathan,zaidraja@example.org,1923710684,Bhiwandi,India,2026-08-06 15:54:17.624257,2026-08-06 15:54:17.624257
139,Tanveer,Luthra,saumya64@example.net,9953275959,Dibrugarh,India,2026-08-06 15:54:18.458243,2026-08-06 15:54:18.458243
140,Riya,Dhar,darpankapoor@example.net,9169264971,Raebareli,India,2026-08-06 15:54:19.205317,2026-08-06 15:54:19.205317
141,Omkaar,Bhakta,rkamdar@example.org,6029072295,Ozhukarai,India,2026-08-06 15:54:20.113079,2026-08-06 15:54:20.113079
142,Fitan,Devan,vedant82@example.org,3487137969,Anand,India,2026-08-06 15:54:21.073315,2026-08-06 15:54:21.073315
143,Aryan,Kuruvilla,guptavrishti@example.com,6960144177,Bihar Sharif,India,2026-08-06 15:54:22.031307,2026-08-06 15:54:22.031307
144,Isaac,Nigam,lopa39@example.net,0600836107,Sultan Pur Majra,India,2026-08-06 15:54:22.903907,2026-08-06 15:54:22.903907
145,Dayita,Patla,samaksh18@example.com,5560789673,Ujjain,India,2026-08-06 15:54:23.793402,2026-08-06 15:54:23.793402
146,Eta,Andra,madanjagdish@example.net,3755034711,Gulbarga,India,2026-08-06 15:54:24.698219,2026-08-06 15:54:24.698219
147,Gautam,Ghosh,chaitaly33@example.com,5859676459,Bhavnagar,India,2026-08-06 15:54:25.655421,2026-08-06 15:54:25.655421
148,Jeremiah,Varma,wtoor@example.org,9115650570,Silchar,India,2026-08-06 15:54:26.523033,2026-08-06 15:54:26.523033
149,Victor,Batta,khannaishwar@example.org,2856836380,Saharanpur,India,2026-08-06 15:54:27.508217,2026-08-06 15:54:27.508217
150,Ridhi,Wable,xmaharaj@example.net,6640758492,Dewas,India,2026-08-06 15:54:28.508309,2026-08-06 15:54:28.508309
151,Udyati,Mody,udarsh30@example.com,3382532186,Tiruvottiyur,India,2026-08-06 15:54:29.423097,2026-08-06 15:54:29.423097
152,Leela,Mandal,warriormatthew@example.net,3512510341,Chittoor,India,2026-08-06 15:54:30.445449,2026-08-06 15:54:30.445449
153,Arunima,Raja,chakrabortyunni@example.net,5516583853,Malegaon,India,2026-08-06 15:54:31.168648,2026-08-06 15:54:31.168648
154,Sarthak,Balay,baljiwanbhat@example.com,5793392796,Silchar,India,2026-08-06 15:54:31.968507,2026-08-06 15:54:31.968507
155,Krishna,Pingle,lbassi@example.com,7472876413,Karaikudi,India,2026-08-06 15:54:32.940906,2026-08-06 15:54:32.940906
156,Anirudh,Aggarwal,jairaj21@example.com,3277145316,Korba,India,2026-08-06 15:54:33.818746,2026-08-06 15:54:33.818746
157,Jhalak,Manne,pdash@example.net,2825102425,Naihati,India,2026-08-06 15:54:34.768276,2026-08-06 15:54:34.768276
158,Nandini,Bal,madhav50@example.org,0830006842,Adoni,India,2026-08-06 15:54:35.673027,2026-08-06 15:54:35.673027
159,Xavier,Shroff,eeshamadan@example.org,9670251504,Tadipatri,India,2026-08-06 15:54:36.403041,2026-08-06 15:54:36.403041
160,Nandini,Viswanathan,lratta@example.org,3103630850,Dhule,India,2026-08-06 15:54:37.233208,2026-08-06 15:54:37.233208
161,Pushti,Virk,nathanmittal@example.com,2716662690,Bhusawal,India,2026-08-06 15:54:38.020655,2026-08-06 15:54:38.020655
162,Wishi,Balay,gbava@example.com,0806241163,Lucknow,India,2026-08-06 15:54:38.890275,2026-08-06 15:54:38.890275
163,Yagnesh,Ahuja,kkara@example.net,2179181778,Jamalpur,India,2026-08-06 15:54:39.895572,2026-08-06 15:54:39.895572
164,Aadhya,Srivastava,amangat@example.com,0544296366,Tadipatri,India,2026-08-06 15:54:40.830657,2026-08-06 15:54:40.830657
165,Krisha,Comar,fariq35@example.org,6621875004,Tiruchirappalli,India,2026-08-06 15:54:41.838103,2026-08-06 15:54:41.838103
166,Eiravati,Murty,ramaati@example.com,8728784346,Aurangabad,India,2026-08-06 15:54:42.698250,2026-08-06 15:54:42.698250
167,Zinal,Sankaran,tpandit@example.org,8509587232,Karawal Nagar,India,2026-08-06 15:54:43.735410,2026-08-06 15:54:43.735410
168,Yatan,Kala,ubera@example.org,5023858596,South Dumdum,India,2026-08-06 15:54:44.665033,2026-08-06 15:54:44.665033
169,Peter,Rout,anitasant@example.com,5917633153,Avadi,India,2026-08-06 15:54:45.477892,2026-08-06 15:54:45.477892
170,Ansh,Nagar,mahalaradhana@example.net,6552734345,Pudukkottai,India,2026-08-06 15:54:46.380388,2026-08-06 15:54:46.380388
171,Vedant,Vig,masteranita@example.org,5051473187,Dhanbad,India,2026-08-06 15:54:47.212736,2026-08-06 15:54:47.212736
172,Bachittar,Banik,senguptawriddhish@example.net,6329367065,Bangalore,India,2026-08-06 15:54:48.213395,2026-08-06 15:54:48.213395
173,Utkarsh,Joshi,tedwin@example.org,5503281105,Chennai,India,2026-08-06 15:54:49.098021,2026-08-06 15:54:49.098021
174,Wazir,Mane,saighose@example.org,3613995763,Agra,India,2026-08-06 15:54:50.020156,2026-08-06 15:54:50.020156
175,Ekalinga,Pant,waglewaida@example.org,7375176378,Aizawl,India,2026-08-06 15:54:50.898083,2026-08-06 15:54:50.898083
176,Ansh,Master,christopherchaudry@example.net,7934030641,Nandyal,India,2026-08-06 15:54:51.741012,2026-08-06 15:54:51.741012
177,Balvan,Sant,indalihayre@example.com,9473313926,Mirzapur,India,2026-08-06 15:54:52.646309,2026-08-06 15:54:52.646309
178,Ranveer,Raj,vasudhavarma@example.com,4602645275,Chinsurah,India,2026-08-06 15:54:53.455541,2026-08-06 15:54:53.455541
179,Tanmayi,Kale,zehaan92@example.org,6251375147,Bangalore,India,2026-08-06 15:54:54.223633,2026-08-06 15:54:54.223633
180,Akshay,Menon,settyunnati@example.net,3400744107,Begusarai,India,2026-08-06 15:54:55.282699,2026-08-06 15:54:55.282699
181,Harinakshi,Sabharwal,vedhikadeshmukh@example.net,4536571926,Akola,India,2026-08-06 15:54:56.133028,2026-08-06 15:54:56.133028
182,Gaurangi,Parmer,haritaghosh@example.org,4190686351,Bhagalpur,India,2026-08-06 15:54:57.145078,2026-08-06 15:54:57.145078
183,Owen,Choudhury,darayoshita@example.org,9395702914,Ludhiana,India,2026-08-06 15:54:57.987858,2026-08-06 15:54:57.987858
184,Nikita,Subramanian,dkhosla@example.org,8080857463,Danapur,India,2026-08-06 15:54:58.912832,2026-08-06 15:54:58.912832
185,Yashawini,Lata,eiravati15@example.net,9743168618,Aurangabad,India,2026-08-06 15:54:59.765521,2026-08-06 15:54:59.765521
186,Leena,Kurian,ilad@example.org,4484864892,Ramgarh,India,2026-08-06 15:55:00.607731,2026-08-06 15:55:00.607731
187,Osha,Chacko,nathan16@example.com,1944995499,Kottayam,India,2026-08-06 15:55:01.612912,2026-08-06 15:55:01.612912
188,Abdul,Pandya,yashodhara48@example.com,4238377755,Pali,India,2026-08-06 15:55:02.571162,2026-08-06 15:55:02.571162
189,Zashil,Sastry,cheemakrishna@example.com,5408484114,Surat,India,2026-08-06 15:55:03.293190,2026-08-06 15:55:03.293190
190,Hemal,Lal,sharmaamara@example.com,1199987898,Ratlam,India,2026-08-06 15:55:04.197797,2026-08-06 15:55:04.197797
191,Daniel,Wagle,rishiradhakrishnan@example.org,8387679303,Tirunelveli,India,2026-08-06 15:55:04.977570,2026-08-06 15:55:04.977570
192,Chaitanya,Nayar,devikamall@example.org,8865989499,Shivpuri,India,2026-08-06 15:55:05.893947,2026-08-06 15:55:05.893947
193,Jalsa,Rattan,aryamishra@example.com,6127931131,Bihar Sharif,India,2026-08-06 15:55:06.763545,2026-08-06 15:55:06.763545
194,Indali,Buch,subramaniamvasana@example.org,1345150389,Ramagundam,India,2026-08-06 15:55:07.652713,2026-08-06 15:55:07.652713
195,Kashish,Kannan,charitachander@example.org,7240278920,Agra,India,2026-08-06 15:55:08.710500,2026-08-06 15:55:08.710500
196,Sachi,Lad,zaidpalla@example.org,0897890746,Tenali,India,2026-08-06 15:55:09.618472,2026-08-06 15:55:09.618472
197,Daniel,Gade,dalaja44@example.net,6576897016,Nagercoil,India,2026-08-06 15:55:10.513143,2026-08-06 15:55:10.513143
198,Harrison,Rastogi,andrajacob@example.org,3123404321,Nellore,India,2026-08-06 15:55:11.413244,2026-08-06 15:55:11.413244
199,Manan,Subramanian,mahikaboase@example.com,4210549133,Ramagundam,India,2026-08-06 15:55:12.428702,2026-08-06 15:55:12.428702
200,Sachi,Jain,tejas65@example.org,5684435740,Karaikudi,India,2026-08-06 15:55:13.410826,2026-08-06 15:55:13.410826
201,Oscar,Dave,kiaan90@example.org,1723556369,Barasat,India,2026-08-06 15:55:14.177907,2026-08-06 15:55:14.177907
202,Kala,Banerjee,rwali@example.com,2630800368,Jhansi,India,2026-08-06 15:55:14.968538,2026-08-06 15:55:14.968538
203,Hredhaan,Sekhon,sarasharma@example.org,7153533930,Munger,India,2026-08-06 15:55:15.863779,2026-08-06 15:55:15.863779
204,Irya,Ratta,georgedora@example.com,4346654473,Ongole,India,2026-08-06 15:55:16.950485,2026-08-06 15:55:16.950485
205,Zarna,Bhasin,traju@example.net,7119905223,Noida,India,2026-08-06 15:55:17.935290,2026-08-06 15:55:17.935290
206,Vasatika,Pingle,chackonidhi@example.com,1960699112,Phagwara,India,2026-08-06 15:55:18.819326,2026-08-06 15:55:18.819326
207,Lopa,Koshy,sandhuumang@example.com,6445558596,Hospet,India,2026-08-06 15:55:19.735536,2026-08-06 15:55:19.735536
208,Faqid,Bobal,gchadha@example.org,4557831478,Belgaum,India,2026-08-06 15:55:20.610694,2026-08-06 15:55:20.610694
209,Frederick,Luthra,mallickekanta@example.net,5524309023,Agra,India,2026-08-06 15:55:21.443636,2026-08-06 15:55:21.443636
210,Ira,Garg,fparekh@example.org,8296754510,Delhi,India,2026-08-06 15:55:22.298044,2026-08-06 15:55:22.298044
211,Faqid,Rajan,samarth08@example.net,1768046029,Kanpur,India,2026-08-06 15:55:23.373377,2026-08-06 15:55:23.373377
212,Chatura,Kalla,ibasu@example.com,4386862281,Mahbubnagar,India,2026-08-06 15:55:24.471219,2026-08-06 15:55:24.471219
213,Nilima,Bedi,yogiupma@example.org,6067329562,Malda,India,2026-08-06 15:55:25.380943,2026-08-06 15:55:25.380943
214,Qushi,Bobal,bkohli@example.org,8733401960,Asansol,India,2026-08-06 15:55:26.489720,2026-08-06 15:55:26.489720
215,Fariq,Raj,sarthaksekhon@example.org,1644228503,Hospet,India,2026-08-06 15:55:27.438611,2026-08-06 15:55:27.438611
216,Mahika,Rattan,azad04@example.net,5165402033,Rampur,India,2026-08-06 15:55:28.323421,2026-08-06 15:55:28.323421
217,Amrita,Sekhon,yohannandalbir@example.com,9299155951,Belgaum,India,2026-08-06 15:55:29.124904,2026-08-06 15:55:29.124904
218,Varsha,Golla,jacktaneja@example.net,1888985685,Kollam,India,2026-08-06 15:55:29.955194,2026-08-06 15:55:29.955194
219,Girindra,Grover,rattathomas@example.net,5596651998,Dhule,India,2026-08-06 15:55:30.863320,2026-08-06 15:55:30.863320
220,Darsh,Shan,ssinghal@example.org,9584506152,Maheshtala,India,2026-08-06 15:55:31.707968,2026-08-06 15:55:31.707968
221,Yachana,Prashad,sangharehaan@example.com,7523091415,Thrissur,India,2026-08-06 15:55:32.648774,2026-08-06 15:55:32.648774
222,Amol,Randhawa,groverbaghyawati@example.net,2571438475,Ongole,India,2026-08-06 15:55:33.738414,2026-08-06 15:55:33.738414
223,Azad,Basu,varenyabhavsar@example.net,6528669579,Gandhinagar,India,2026-08-06 15:55:34.662705,2026-08-06 15:55:34.662705
224,Ekapad,Rastogi,balakrishnanekansh@example.com,3632190630,Asansol,India,2026-08-06 15:55:35.618682,2026-08-06 15:55:35.618682
225,Unni,Gulati,faris84@example.com,7586642157,Karaikudi,India,2026-08-06 15:55:36.518192,2026-08-06 15:55:36.518192
226,Bishakha,Deshmukh,krish07@example.com,0050049445,Ajmer,India,2026-08-06 15:55:37.397679,2026-08-06 15:55:37.397679
227,Qadim,Manne,fmitra@example.org,1831597405,Tenali,India,2026-08-06 15:55:38.228082,2026-08-06 15:55:38.228082
228,Lakshmi,Comar,sarnaishita@example.com,8261722310,Anantapur,India,2026-08-06 15:55:39.199842,2026-08-06 15:55:39.199842
229,Nidra,Hora,hayrenetra@example.org,3220389433,Proddatur,India,2026-08-06 15:55:40.108211,2026-08-06 15:55:40.108211
230,Oni,Doshi,georgebutala@example.net,5857585275,Chinsurah,India,2026-08-06 15:55:40.828002,2026-08-06 15:55:40.828002
231,Hamsini,Subramaniam,vasatikakrishna@example.net,2628332887,Khora ,India,2026-08-06 15:55:41.868115,2026-08-06 15:55:41.868115
232,Pushti,Oza,gaurav14@example.com,9378211199,Noida,India,2026-08-06 15:55:42.642760,2026-08-06 15:55:42.642760
233,Dalbir,Badal,turvi35@example.net,2934743331,Bijapur,India,2026-08-06 15:55:43.572870,2026-08-06 15:55:43.572870
234,Oni,Mann,ochad@example.org,9885093410,Anand,India,2026-08-06 15:55:44.464682,2026-08-06 15:55:44.464682
235,Eesha,Kari,krishdugar@example.com,2967801145,Nagercoil,India,2026-08-06 15:55:45.723570,2026-08-06 15:55:45.723570
236,Aryan,Nayar,agatekiaan@example.com,8919068962,Deoghar,India,2026-08-06 15:55:46.613192,2026-08-06 15:55:46.613192
237,Yashoda,Sura,radhikasavant@example.org,4631708698,Anantapur,India,2026-08-06 15:55:47.529790,2026-08-06 15:55:47.529790
238,Anvi,Nayar,ebahl@example.net,5489156329,Machilipatnam,India,2026-08-06 15:55:48.423336,2026-08-06 15:55:48.423336
239,Chasmum,Pant,randhawaupadhriti@example.com,2220739976,Bidar,India,2026-08-06 15:55:50.368006,2026-08-06 15:55:50.368006
240,Lipika,Bandi,parikhanusha@example.com,1363925178,Katihar,India,2026-08-06 15:55:51.251123,2026-08-06 15:55:51.251123
241,Ira,Gokhale,voranitesh@example.net,3986425709,Alwar,India,2026-08-06 15:55:52.282639,2026-08-06 15:55:52.282639
242,Hiral,Prashad,vaishnavinarayanan@example.net,4609193972,Sirsa,India,2026-08-06 15:55:53.227758,2026-08-06 15:55:53.227758
243,Vedika,Ravel,barkhasarin@example.org,3385687529,Nadiad,India,2026-08-06 15:55:54.188047,2026-08-06 15:55:54.188047
244,Manbir,Choudhury,tristanbanik@example.com,8726298211,Bardhaman,India,2026-08-06 15:55:55.288378,2026-08-06 15:55:55.288378
245,Ethan,Vohra,jprashad@example.com,4362152886,Phagwara,India,2026-08-06 15:55:56.323435,2026-08-06 15:55:56.323435
246,Mekhala,Tank,zrastogi@example.com,4982727238,Haldia,India,2026-08-06 15:55:57.163088,2026-08-06 15:55:57.163088
247,Watika,Bath,xnigam@example.com,3181467671,Dindigul,India,2026-08-06 15:55:58.173851,2026-08-06 15:55:58.173851
248,Yagnesh,Tata,gpau@example.com,1068468572,Faridabad,India,2026-08-06 15:55:59.298550,2026-08-06 15:55:59.298550
249,Abdul,Jani,libni18@example.net,5921040552,Fatehpur,India,2026-08-06 15:56:00.087935,2026-08-06 15:56:00.087935
250,Baljiwan,Hayre,hnath@example.net,3162686542,Guna,India,2026-08-06 15:56:00.898004,2026-08-06 15:56:00.898004
251,Ridhi,Koshy,obhargava@example.org,4033694351,Haldia,India,2026-08-06 15:56:01.809205,2026-08-06 15:56:01.809205
252,Tristan,Dave,anjalisachdeva@example.net,5387997566,Rewa,India,2026-08-06 15:56:02.863506,2026-08-06 15:56:02.863506
253,Saumya,Devan,oliver74@example.net,6526748733,Tiruvottiyur,India,2026-08-06 15:56:03.733311,2026-08-06 15:56:03.733311
254,Tamanna,Batta,triptidewan@example.com,9578581443,Udaipur,India,2026-08-06 15:56:04.617482,2026-08-06 15:56:04.617482
255,Rushil,Kalita,baniktripti@example.com,1698784597,Buxar,India,2026-08-06 15:56:05.563065,2026-08-06 15:56:05.563065
256,Udyati,Bajwa,krishna04@example.org,1176986474,Bhilwara,India,2026-08-06 15:56:06.363519,2026-08-06 15:56:06.363519
257,Veda,Sant,wishi40@example.net,6332281278,Silchar,India,2026-08-06 15:56:07.138480,2026-08-06 15:56:07.138480
258,Qadim,Sura,bariaqarin@example.com,3652802576,Indore,India,2026-08-06 15:56:07.969221,2026-08-06 15:56:07.969221
259,Anmol,Iyer,thomas43@example.net,7316115422,Tirupati,India,2026-08-06 15:56:09.168116,2026-08-06 15:56:09.168116
260,Keya,Tandon,srinivasanindrajit@example.com,4013588783,Rampur,India,2026-08-06 15:56:10.067941,2026-08-06 15:56:10.067941
261,Shaurya,Patla,bchaudhuri@example.com,5762424901,Gulbarga,India,2026-08-06 15:56:11.138820,2026-08-06 15:56:11.138820
262,Kalpit,Anand,ulanka@example.org,1643004539,Sirsa,India,2026-08-06 15:56:12.153359,2026-08-06 15:56:12.153359
263,Ekiya,Koshy,lila45@example.org,0896008762,Patna,India,2026-08-06 15:56:13.069468,2026-08-06 15:56:13.069468
264,Kalpit,Bhatia,onarang@example.net,3619706568,Pudukkottai,India,2026-08-06 15:56:14.165153,2026-08-06 15:56:14.165153
265,Manan,Varkey,yagneshprasad@example.com,5312814474,Allahabad,India,2026-08-06 15:56:15.267717,2026-08-06 15:56:15.267717
266,Hiral,Bansal,msule@example.org,8809093648,Pondicherry,India,2026-08-06 15:56:16.373503,2026-08-06 15:56:16.373503
267,Neelima,Barad,fkota@example.org,0297805586,Bhagalpur,India,2026-08-06 15:56:17.314416,2026-08-06 15:56:17.314416
268,Libni,Oza,nandinichowdhury@example.net,7363790843,Davanagere,India,2026-08-06 15:56:18.786226,2026-08-06 15:56:18.786226
269,Pranav,Venkatesh,waliisaac@example.com,2675481365,Ambattur,India,2026-08-06 15:56:19.802782,2026-08-06 15:56:19.802782
270,Janya,Dewan,kaleishwar@example.com,9640887320,Bilaspur,India,2026-08-06 15:56:20.850382,2026-08-06 15:56:20.850382
271,Yagnesh,Patla,bhattivrinda@example.net,0163261192,Mirzapur,India,2026-08-06 15:56:21.903184,2026-08-06 15:56:21.903184
272,Anika,Pall,korpalwarinder@example.org,3844083873,Nadiad,India,2026-08-06 15:56:22.928246,2026-08-06 15:56:22.928246
273,Dipta,Master,nmanne@example.net,7920926409,Hindupur,India,2026-08-06 15:56:23.947928,2026-08-06 15:56:23.947928
274,Amrita,Banerjee,lakshitnatarajan@example.org,7733090578,Ramagundam,India,2026-08-06 15:56:24.972306,2026-08-06 15:56:24.972306
275,Guneet,Krishnan,zsachdev@example.org,6975177475,Amaravati,India,2026-08-06 15:56:25.958092,2026-08-06 15:56:25.958092
276,Bhavini,Bassi,bsandhu@example.net,5593755566,Pimpri-Chinchwad,India,2026-08-06 15:56:27.495596,2026-08-06 15:56:27.495596
277,Ishanvi,Keer,veer99@example.org,2115235959,Cuttack,India,2026-08-06 15:56:28.619615,2026-08-06 15:56:28.619615
278,Siddharth,Kaul,jaggijagdish@example.net,4958578601,Morena,India,2026-08-06 15:56:29.703753,2026-08-06 15:56:29.703753
279,Naksh,Ganesh,kkade@example.org,4489047199,Chapra,India,2026-08-06 15:56:30.682874,2026-08-06 15:56:30.682874
280,Chakrika,Dave,kalanori@example.org,2387801427,Dhule,India,2026-08-06 15:56:31.718155,2026-08-06 15:56:31.718155
281,Unnati,Dar,yoshitanaidu@example.org,2993374194,Hindupur,India,2026-08-06 15:56:32.548073,2026-08-06 15:56:32.548073
282,Mugdha,Sagar,fkanda@example.org,9382561904,Sikar,India,2026-08-06 15:56:33.768334,2026-08-06 15:56:33.768334
283,Rachit,Pant,kotharitejas@example.com,6607498763,Kolhapur,India,2026-08-06 15:56:34.722937,2026-08-06 15:56:34.722937
284,Fariq,Pai,rlad@example.net,4105663684,Morbi,India,2026-08-06 15:56:35.807882,2026-08-06 15:56:35.807882
285,Jyoti,Mane,uchada@example.net,7497969124,Nizamabad,India,2026-08-06 15:56:36.958299,2026-08-06 15:56:36.958299
286,Yachana,Wali,hayercharvi@example.net,7187139442,Kavali,India,2026-08-06 15:56:37.757800,2026-08-06 15:56:37.757800
287,Vritti,Gaba,bansalchaman@example.org,2769246168,Bardhaman,India,2026-08-06 15:56:38.518644,2026-08-06 15:56:38.518644
288,Forum,Pathak,tanmayithaman@example.net,4880896102,Tiruppur,India,2026-08-06 15:56:40.140905,2026-08-06 15:56:40.140905
289,Panini,Deo,vyasoliver@example.org,5531490364,Thanjavur,India,2026-08-06 15:56:41.298215,2026-08-06 15:56:41.298215
290,Turvi,Ravel,rmalhotra@example.net,6406273596,Dehradun,India,2026-08-06 15:56:42.340621,2026-08-06 15:56:42.340621
291,Rushil,Bhardwaj,mrout@example.com,8836488928,Korba,India,2026-08-06 15:56:43.283048,2026-08-06 15:56:43.283048
292,Shaurya,Mital,dbhat@example.net,5380441312,Tirunelveli,India,2026-08-06 15:56:44.143700,2026-08-06 15:56:44.143700
293,Jackson,Srinivasan,ybarman@example.org,6704914029,Bhind,India,2026-08-06 15:56:45.064107,2026-08-06 15:56:45.064107
294,Chakrika,Tailor,bhavini02@example.net,5048519838,Nandyal,India,2026-08-06 15:56:46.021050,2026-08-06 15:56:46.021050
295,Daksh,Kala,swalla@example.com,1779843919,Ballia,India,2026-08-06 15:56:46.848246,2026-08-06 15:56:46.848246
296,Onveer,Nori,falakbala@example.net,2063295710,Amaravati,India,2026-08-06 15:56:47.843571,2026-08-06 15:56:47.843571
297,Oeshi,Mangal,aadhyamallick@example.org,5443427318,Dhanbad,India,2026-08-06 15:56:49.045666,2026-08-06 15:56:49.045666
298,Gavin,Vasa,oscar61@example.com,6908826185,Nagercoil,India,2026-08-06 15:56:50.130652,2026-08-06 15:56:50.130652
299,Pushti,Sunder,adweta71@example.com,9583135226,Tiruvottiyur,India,2026-08-06 15:56:51.360954,2026-08-06 15:56:51.360954
300,Yutika,Hari,aahanavarkey@example.com,2289721792,Morena,India,2026-08-06 15:56:52.543093,2026-08-06 15:56:52.543093
301,Aradhana,Kothari,talwargayathri@example.org,5179673518,Erode,India,2026-08-06 15:56:53.629903,2026-08-06 15:56:53.629903
302,Ekansh,Virk,palvamakshi@example.net,9395471111,Ramgarh,India,2026-08-06 15:56:54.663685,2026-08-06 15:56:54.663685
303,Eesha,Shukla,kannannakul@example.com,0637473348,Nagercoil,India,2026-08-06 15:56:55.589781,2026-08-06 15:56:55.589781
304,Watika,Chacko,urvashikhosla@example.net,8192670873,Sagar,India,2026-08-06 15:56:58.621061,2026-08-06 15:56:58.621061
305,Divya,Pillai,ramaswamyteerth@example.com,0805567200,Panvel,India,2026-08-06 15:56:59.748455,2026-08-06 15:56:59.748455
306,Kritika,Oak,bandiishaan@example.com,9934308803,Anand,India,2026-08-06 15:57:08.568258,2026-08-06 15:57:08.568258
307,Omisha,Bhattacharyya,morarsaanvi@example.com,3883930514,Pimpri-Chinchwad,India,2026-08-06 15:57:10.886158,2026-08-06 15:57:10.886158
308,Hamsini,Lalla,mhari@example.com,8204189142,Nanded,India,2026-08-06 15:57:11.808031,2026-08-06 15:57:11.808031
309,Irya,Ganesan,mahalgaurav@example.net,9930330207,Patiala,India,2026-08-06 15:57:13.163033,2026-08-06 15:57:13.163033
310,Darpan,Babu,chaudhuriadya@example.net,6329221067,Ranchi,India,2026-08-06 15:57:14.387796,2026-08-06 15:57:14.387796
311,Damyanti,Sridhar,gokhalegautam@example.net,8795375230,Raipur,India,2026-08-06 15:57:15.613538,2026-08-06 15:57:15.613538
312,Omya,Peri,xandra@example.net,5825409572,Kochi,India,2026-08-06 15:57:16.563309,2026-08-06 15:57:16.563309
313,Abdul,Bose,zdhingra@example.com,8396228838,Udupi,India,2026-08-06 15:57:17.407952,2026-08-06 15:57:17.407952
314,Chaitaly,Toor,lgokhale@example.net,7952902038,Nashik,India,2026-08-06 15:57:18.551178,2026-08-06 15:57:18.551178
315,Vamakshi,Sridhar,zgoda@example.net,9812102161,Kalyan-Dombivli,India,2026-08-06 15:57:19.578003,2026-08-06 15:57:19.578003
316,Xalak,Bava,seshadriwyatt@example.com,4071614087,Rajpur Sonarpur,India,2026-08-06 15:57:20.609715,2026-08-06 15:57:20.609715
317,Onkar,Mann,vohraadweta@example.net,2961835046,Jorhat,India,2026-08-06 15:57:21.553893,2026-08-06 15:57:21.553893
318,Girish,Srinivas,dmangat@example.org,3946711237,Davanagere,India,2026-08-06 15:57:22.600787,2026-08-06 15:57:22.600787
319,Rehaan,Bansal,balendra53@example.net,2756806727,Jalna,India,2026-08-06 15:57:23.973236,2026-08-06 15:57:23.973236
320,Rachita,Bir,mallpallavi@example.net,2544160669,Bareilly,India,2026-08-06 15:57:25.050693,2026-08-06 15:57:25.050693
321,Bhavika,Sani,osinha@example.net,9804730351,Medininagar,India,2026-08-06 15:57:26.043214,2026-08-06 15:57:26.043214
322,Isaiah,Virk,anmolchaudhry@example.net,0999583426,Maheshtala,India,2026-08-06 15:57:26.923165,2026-08-06 15:57:26.923165
323,Xiti,Rana,xbail@example.org,9071100399,Tezpur,India,2026-08-06 15:57:27.858125,2026-08-06 15:57:27.858125
324,Daniel,Kothari,kalayamini@example.net,8544813366,Gorakhpur,India,2026-08-06 15:57:29.102871,2026-08-06 15:57:29.102871
325,Ati,Aggarwal,avighose@example.org,8226516502,Tiruvottiyur,India,2026-08-06 15:57:30.140386,2026-08-06 15:57:30.140386
326,Lakshit,Khalsa,royikbal@example.com,5627267601,Ghaziabad,India,2026-08-06 15:57:31.489984,2026-08-06 15:57:31.489984
327,Rehaan,Borra,khatripahal@example.net,4738187896,Ballia,India,2026-08-06 15:57:32.555603,2026-08-06 15:57:32.555603
328,Ayush,Shere,srinivasliam@example.com,3310209444,Rajpur Sonarpur,India,2026-08-06 15:57:33.528013,2026-08-06 15:57:33.528013
329,Aadi,Barad,ichand@example.com,3277894393,Dewas,India,2026-08-06 15:57:34.493249,2026-08-06 15:57:34.493249
330,Ryan,Borde,janipeter@example.com,6159946872,Amaravati,India,2026-08-06 15:57:36.028762,2026-08-06 15:57:36.028762
331,Tejas,Barad,lavanyaissac@example.org,0094332810,Morena,India,2026-08-06 15:57:37.128279,2026-08-06 15:57:37.128279
332,Sai,Pradhan,abha40@example.net,4057469234,Tiruchirappalli,India,2026-08-06 15:57:38.303180,2026-08-06 15:57:38.303180
333,Jagat,Kala,tanveer65@example.org,4589239155,Berhampore,India,2026-08-06 15:57:39.292742,2026-08-06 15:57:39.292742
334,Farhan,Kant,ynatarajan@example.org,9255610033,Gurgaon,India,2026-08-06 15:57:40.189916,2026-08-06 15:57:40.189916
335,Gagan,Dhingra,luthramatthew@example.com,1046354944,Maheshtala,India,2026-08-06 15:57:41.125721,2026-08-06 15:57:41.125721
336,Oeshi,Khanna,chandresh30@example.com,5310628697,Nagercoil,India,2026-08-06 15:57:42.508834,2026-08-06 15:57:42.508834
337,Aradhana,Mutti,lavanya18@example.net,4557438681,Jamshedpur,India,2026-08-06 15:57:43.505329,2026-08-06 15:57:43.505329
338,Neelima,Cherian,libni34@example.com,2477251417,Machilipatnam,India,2026-08-06 15:57:44.607901,2026-08-06 15:57:44.607901
339,Ucchal,Mutti,ubikapanchal@example.com,6095605170,Ambattur,India,2026-08-06 15:57:45.537571,2026-08-06 15:57:45.537571
340,Divya,Ramachandran,naksh48@example.com,0604143260,Ajmer,India,2026-08-06 15:57:46.408384,2026-08-06 15:57:46.408384
341,Eiravati,Jha,advika02@example.net,1276665127,Srinagar,India,2026-08-06 15:57:47.623750,2026-08-06 15:57:47.623750
342,Utkarsh,Goel,badaloeshi@example.com,9234343839,Dibrugarh,India,2026-08-06 15:57:48.558263,2026-08-06 15:57:48.558263
343,Aadhya,Gulati,yastipuri@example.net,1506029735,Phusro,India,2026-08-06 15:57:49.543388,2026-08-06 15:57:49.543388
344,Abeer,Srinivasan,puriveda@example.com,0771860964,Faridabad,India,2026-08-06 15:57:50.692797,2026-08-06 15:57:50.692797
345,Ikbal,Krishnamurthy,agatenetra@example.com,8864521418,Kishanganj,India,2026-08-06 15:57:51.848420,2026-08-06 15:57:51.848420
346,Jalsa,Hans,abhiram43@example.org,9059196719,Munger,India,2026-08-06 15:57:53.252985,2026-08-06 15:57:53.252985
347,Ekavir,Soman,jedwin@example.org,2035520976,Vadodara,India,2026-08-06 15:57:54.728850,2026-08-06 15:57:54.728850
348,Vidhi,Randhawa,xvaidya@example.net,8341151284,Medininagar,India,2026-08-06 15:57:55.848145,2026-08-06 15:57:55.848145
349,Pahal,Dube,reyansh27@example.org,9716453577,Surendranagar Dudhrej,India,2026-08-06 15:57:56.765394,2026-08-06 15:57:56.765394
350,Yuvraj,Baral,vchatterjee@example.net,6799334286,Sambhal,India,2026-08-06 15:57:57.918580,2026-08-06 15:57:57.918580
351,Yochana,Kari,gnagarajan@example.net,6466627203,Proddatur,India,2026-08-06 15:58:03.848293,2026-08-06 15:58:03.848293
352,Wakeeta,Peri,cchawla@example.org,2673553510,Madhyamgram,India,2026-08-06 15:58:05.010409,2026-08-06 15:58:05.010409
353,Chandani,Prakash,mittaloni@example.com,7392542230,Kota,India,2026-08-06 15:58:07.643840,2026-08-06 15:58:07.643840
354,Bakhshi,Ramachandran,ikarnik@example.net,5067408819,New Delhi,India,2026-08-06 15:58:08.490100,2026-08-06 15:58:08.490100
355,Krish,Rai,ubika63@example.net,2505795326,Pimpri-Chinchwad,India,2026-08-06 15:58:09.503021,2026-08-06 15:58:09.503021
356,Irya,Kala,iyerbhavika@example.org,5756730459,Berhampur,India,2026-08-06 15:58:10.340318,2026-08-06 15:58:10.340318
357,Tanveer,Ghosh,rajata22@example.net,2156212630,Madurai,India,2026-08-06 15:58:11.129074,2026-08-06 15:58:11.129074
358,Daksh,Dada,geetikagopal@example.com,5726911044,Aligarh,India,2026-08-06 15:58:12.075010,2026-08-06 15:58:12.075010
359,Gautam,Hayer,jbhavsar@example.org,8693788718,Avadi,India,2026-08-06 15:58:12.918274,2026-08-06 15:58:12.918274
360,Manya,Walla,triveninatarajan@example.org,8877385337,Dibrugarh,India,2026-08-06 15:58:13.617967,2026-08-06 15:58:13.617967
361,Ijaya,Sabharwal,kdara@example.org,3312419824,Khora ,India,2026-08-06 15:58:14.643607,2026-08-06 15:58:14.643607
362,Oni,Sule,shanchaman@example.org,5333251886,Madanapalle,India,2026-08-06 15:58:15.535696,2026-08-06 15:58:15.535696
363,Samarth,Dayal,araja@example.com,1841198955,Berhampur,India,2026-08-06 15:58:16.528053,2026-08-06 15:58:16.528053
364,Nakul,Chaudry,lbajwa@example.com,8627723474,Karawal Nagar,India,2026-08-06 15:58:17.532637,2026-08-06 15:58:17.532637
365,Veda,Sehgal,pdalia@example.net,1526753073,Bellary,India,2026-08-06 15:58:18.487858,2026-08-06 15:58:18.487858
366,Janya,Varughese,swamyjoshua@example.org,0052187649,Dhanbad,India,2026-08-06 15:58:20.669734,2026-08-06 15:58:20.669734
367,Jagat,Kibe,jasmit41@example.net,9391871279,Latur,India,2026-08-06 15:58:21.570762,2026-08-06 15:58:21.570762
368,Harita,Venkatesh,krishnamanda@example.com,0825617630,Mangalore,India,2026-08-06 15:58:22.981124,2026-08-06 15:58:22.981124
369,Nimrat,Kaul,randhawajalsa@example.com,5921396661,Silchar,India,2026-08-06 15:58:24.027764,2026-08-06 15:58:24.027764
370,Idika,Nayar,yashasvigara@example.com,3325766740,Rampur,India,2026-08-06 15:58:25.408377,2026-08-06 15:58:25.408377
371,Hemangini,Wason,samaksh47@example.org,7807006915,Mahbubnagar,India,2026-08-06 15:58:26.713421,2026-08-06 15:58:26.713421
372,Champak,Gala,harshil69@example.com,8321623027,Sultan Pur Majra,India,2026-08-06 15:58:28.043556,2026-08-06 15:58:28.043556
373,Chakradev,Virk,mdora@example.com,3611590400,Vasai-Virar,India,2026-08-06 15:58:29.310553,2026-08-06 15:58:29.310553
374,Hemang,Rastogi,babutara@example.com,0341111490,Morena,India,2026-08-06 15:58:30.488341,2026-08-06 15:58:30.488341
375,Manthan,Varma,snath@example.net,7779712758,Maheshtala,India,2026-08-06 15:58:31.590272,2026-08-06 15:58:31.590272
376,Krishna,Borde,warinder53@example.org,8523037953,Akola,India,2026-08-06 15:58:32.560514,2026-08-06 15:58:32.560514
377,Arya,Kohli,darshrana@example.org,4834123847,Tumkur,India,2026-08-06 15:58:33.467930,2026-08-06 15:58:33.467930
378,Max,Subramaniam,jananikala@example.org,3392575519,Uluberia,India,2026-08-06 15:58:34.525837,2026-08-06 15:58:34.525837
379,Arya,Sarma,shethvamakshi@example.net,7209390616,Sirsa,India,2026-08-06 15:58:35.400907,2026-08-06 15:58:35.400907
380,Imaran,Kar,umang23@example.net,7857746106,North Dumdum,India,2026-08-06 15:58:36.525555,2026-08-06 15:58:36.525555
381,Charan,Kade,jroy@example.net,6868128043,Davanagere,India,2026-08-06 15:58:37.846087,2026-08-06 15:58:37.846087
382,Chanakya,Bal,onikrishna@example.org,0167739305,Delhi,India,2026-08-06 15:58:38.773789,2026-08-06 15:58:38.773789
383,Eta,Kar,utkarsh62@example.net,8800537600,Dehradun,India,2026-08-06 15:58:40.195869,2026-08-06 15:58:40.195869
384,Vrinda,Gopal,alkathakur@example.org,8311677933,Ulhasnagar,India,2026-08-06 15:58:41.563372,2026-08-06 15:58:41.563372
385,Mohini,Sule,sahaharita@example.org,6443369845,Miryalaguda,India,2026-08-06 15:58:42.748832,2026-08-06 15:58:42.748832
386,Faqid,Sachdev,yashvicheema@example.org,0436752486,Silchar,India,2026-08-06 15:58:43.903519,2026-08-06 15:58:43.903519
387,Janaki,Nazareth,lvala@example.net,1651773421,Varanasi,India,2026-08-06 15:58:45.248459,2026-08-06 15:58:45.248459
388,Barkha,Murty,baghyawatibassi@example.net,0787287889,Bidar,India,2026-08-06 15:58:46.233415,2026-08-06 15:58:46.233415
389,Hemangini,Suresh,tara16@example.org,4412784500,Bilaspur,India,2026-08-06 15:58:47.318425,2026-08-06 15:58:47.318425
390,Ekaraj,Sule,nairoeshi@example.org,2380710789,Noida,India,2026-08-06 15:58:48.813574,2026-08-06 15:58:48.813574
391,Amrita,Barman,lajitakapadia@example.org,4624835341,Ramagundam,India,2026-08-06 15:58:50.603240,2026-08-06 15:58:50.603240
392,Onkar,Madan,daveabha@example.net,9725959525,Sangli-Miraj & Kupwad,India,2026-08-06 15:58:51.730587,2026-08-06 15:58:51.730587
393,Isaac,Narula,netra45@example.net,2031221245,Yamunanagar,India,2026-08-06 15:58:53.073440,2026-08-06 15:58:53.073440
394,Leena,Pall,pushtibarad@example.com,9583434858,Parbhani,India,2026-08-06 15:58:53.968718,2026-08-06 15:58:53.968718
395,Madhavi,Ravi,dixitzarna@example.net,8140311667,Jodhpur,India,2026-08-06 15:58:55.279941,2026-08-06 15:58:55.279941
396,Rushil,Chawla,nidhi73@example.net,7054420385,Noida,India,2026-08-06 15:58:56.843230,2026-08-06 15:58:56.843230
397,Zaitra,Bhasin,abhakta@example.com,1383432565,Unnao,India,2026-08-06 15:58:57.798832,2026-08-06 15:58:57.798832
398,Isaiah,Dhar,xbahri@example.net,1238232760,Indore,India,2026-08-06 15:58:58.803682,2026-08-06 15:58:58.803682
399,Vamakshi,Dara,banerjeeradhika@example.org,8782376577,Purnia,India,2026-08-06 15:58:59.832377,2026-08-06 15:58:59.832377
400,Aarush,Dutta,tanish96@example.net,0702588699,Pune,India,2026-08-06 15:59:00.573095,2026-08-06 15:59:00.573095
401,Balveer,Dada,zsibal@example.net,5018075510,Hubli–Dharwad,India,2026-08-06 15:59:01.738730,2026-08-06 15:59:01.738730
402,Mitali,Kapadia,upadhritinadig@example.org,9997074668,Belgaum,India,2026-08-06 15:59:02.660765,2026-08-06 15:59:02.660765
403,Arjun,Raju,gokhaletriveni@example.net,1178534683,Kishanganj,India,2026-08-06 15:59:03.935974,2026-08-06 15:59:03.935974
404,Girindra,Comar,fariqbasak@example.net,8342762645,New Delhi,India,2026-08-06 15:59:05.653760,2026-08-06 15:59:05.653760
405,Ekalinga,Mohanty,csankar@example.com,3607806977,Tezpur,India,2026-08-06 15:59:06.648199,2026-08-06 15:59:06.648199
406,Niharika,Varughese,farhannaik@example.com,0014414797,Moradabad,India,2026-08-06 15:59:07.993951,2026-08-06 15:59:07.993951
407,Neel,Sur,ramantanish@example.net,6599732145,Ratlam,India,2026-08-06 15:59:34.097664,2026-08-06 15:59:34.097664
408,Devika,Oza,harshil19@example.net,7219515408,Jodhpur,India,2026-08-06 15:59:50.723301,2026-08-06 15:59:50.723301
409,Sarthak,Mishra,vedant37@example.org,1736133905,Jehanabad,India,2026-08-06 15:59:53.938301,2026-08-06 15:59:53.938301
410,Naveen,Sachdeva,warhi56@example.com,2312397520,Allahabad,India,2026-08-06 15:59:55.640250,2026-08-06 15:59:55.640250
411,Simon,Sinha,yatin19@example.net,4173307095,Fatehpur,India,2026-08-06 15:59:56.820540,2026-08-06 15:59:56.820540
412,Faris,Badal,bhavaniraj@example.org,6664354267,Pudukkottai,India,2026-08-06 15:59:57.998502,2026-08-06 15:59:57.998502
413,Luke,Mallick,shivanshkara@example.net,7200632919,Gangtok,India,2026-08-06 15:59:59.218742,2026-08-06 15:59:59.218742
414,Vamakshi,Ghosh,yutika17@example.com,7764217114,Kakinada,India,2026-08-06 16:00:00.973256,2026-08-06 16:00:00.973256
415,Laksh,Pillay,qkapadia@example.net,1648671113,Tirupati,India,2026-08-06 16:00:02.138040,2026-08-06 16:00:02.138040
416,Jagvi,Singhal,chaitanya59@example.com,7569098620,Vellore,India,2026-08-06 16:00:03.761318,2026-08-06 16:00:03.761318
417,Riya,Khanna,hiteshbhasin@example.net,9138725654,Guntakal,India,2026-08-06 16:00:05.224225,2026-08-06 16:00:05.224225
418,Rachita,Gara,harsh18@example.net,5734171174,Saharsa,India,2026-08-06 16:00:06.619901,2026-08-06 16:00:06.619901
419,Chandresh,Raghavan,anjali43@example.net,4335987351,Haldia,India,2026-08-06 16:00:07.718202,2026-08-06 16:00:07.718202
420,Simon,Lad,madhavi64@example.net,2517081646,Tenali,India,2026-08-06 16:00:08.838121,2026-08-06 16:00:08.838121
421,Qabil,Atwal,munshicharan@example.net,1291890592,Bulandshahr,India,2026-08-06 16:00:11.458417,2026-08-06 16:00:11.458417
422,Tanmayi,Narang,gdeshpande@example.net,4208178312,Bidhannagar,India,2026-08-06 16:00:12.930302,2026-08-06 16:00:12.930302
423,Tejas,Loke,udyatithaker@example.org,4234279766,Siliguri,India,2026-08-06 16:00:14.476339,2026-08-06 16:00:14.476339
424,Vasatika,Muni,uramanathan@example.com,0587555520,Secunderabad,India,2026-08-06 16:00:15.628238,2026-08-06 16:00:15.628238
425,Pavani,Natarajan,saibuch@example.net,2932226330,Howrah,India,2026-08-06 16:00:17.233628,2026-08-06 16:00:17.233628
426,Chakradhar,Handa,idikadara@example.org,5778706170,Dehradun,India,2026-08-06 16:00:18.788590,2026-08-06 16:00:18.788590
427,Watika,Mane,sakshamkumer@example.net,8958030931,Sirsa,India,2026-08-06 16:00:29.366136,2026-08-06 16:00:29.366136
428,Christopher,Mand,amaira38@example.net,8388696272,Chittoor,India,2026-08-06 16:00:31.038496,2026-08-06 16:00:31.038496
429,Bachittar,Kibe,vansha66@example.net,8813359645,Burhanpur,India,2026-08-06 16:00:32.180485,2026-08-06 16:00:32.180485
430,Chaaya,Sanghvi,dhingraaadi@example.org,9853588280,Bilaspur,India,2026-08-06 16:00:33.368151,2026-08-06 16:00:33.368151
431,Siddharth,Hayre,owen29@example.net,2415607273,Bally,India,2026-08-06 16:00:34.733442,2026-08-06 16:00:34.733442
432,Jasmit,Natarajan,wahabwagle@example.org,7289169293,Siliguri,India,2026-08-06 16:00:36.111031,2026-08-06 16:00:36.111031
433,Dominic,Sem,ishaanpingle@example.org,2182267848,Belgaum,India,2026-08-06 16:00:37.660720,2026-08-06 16:00:37.660720
434,Isaac,Pingle,sehgalranbir@example.org,5389678475,Davanagere,India,2026-08-06 16:00:38.832564,2026-08-06 16:00:38.832564
435,Faqid,Kala,moraranay@example.com,4798406985,Tezpur,India,2026-08-06 16:00:39.918022,2026-08-06 16:00:39.918022
436,Aachal,Lata,anay26@example.org,1236327716,Deoghar,India,2026-08-06 16:00:40.969837,2026-08-06 16:00:40.969837
437,Charles,Vig,aptepranav@example.org,6006330389,Madurai,India,2026-08-06 16:00:41.978280,2026-08-06 16:00:41.978280
438,Jagat,Soman,korpalrobert@example.com,3165184978,Tumkur,India,2026-08-06 16:00:43.398677,2026-08-06 16:00:43.398677
439,Sanya,Jha,gvenkataraman@example.net,9667552136,Udupi,India,2026-08-06 16:00:44.901390,2026-08-06 16:00:44.901390
440,Ekalinga,Gopal,magarjanani@example.net,3263319931,Nanded,India,2026-08-06 16:00:45.941190,2026-08-06 16:00:45.941190
441,Chandresh,Nanda,aishani29@example.org,7516376962,Bokaro,India,2026-08-06 16:00:47.373707,2026-08-06 16:00:47.373707
442,Geetika,Bava,yatanshanker@example.net,0858351293,Coimbatore,India,2026-08-06 16:00:48.957860,2026-08-06 16:00:48.957860
443,Vaishnavi,Palla,nchakraborty@example.com,8956619845,Bally,India,2026-08-06 16:00:50.025602,2026-08-06 16:00:50.025602
444,Upkaar,Deshpande,max88@example.org,5143935444,Aurangabad,India,2026-08-06 16:00:50.822973,2026-08-06 16:00:50.822973
445,Rudra,Bhatia,zpuri@example.net,4213642323,Pondicherry,India,2026-08-06 16:00:51.873734,2026-08-06 16:00:51.873734
446,Leena,Rege,atharv36@example.com,6560584887,Raipur,India,2026-08-06 16:00:53.088012,2026-08-06 16:00:53.088012
447,Zaid,Patel,harshahuja@example.net,2062142387,Bardhaman,India,2026-08-06 16:00:54.179935,2026-08-06 16:00:54.179935
448,Aarna,Cheema,aashi66@example.net,1543349650,Kharagpur,India,2026-08-06 16:00:55.415810,2026-08-06 16:00:55.415810
449,Zilmil,Panchal,triptichhabra@example.com,5992829009,Ujjain,India,2026-08-06 16:00:56.560343,2026-08-06 16:00:56.560343
450,Joshua,Bobal,yagnesh49@example.com,9938635439,Bally,India,2026-08-06 16:00:57.785918,2026-08-06 16:00:57.785918
451,Ekapad,Tandon,ati55@example.org,8793021674,Rampur,India,2026-08-06 16:00:59.198099,2026-08-06 16:00:59.198099
452,Yahvi,Ray,rajuekalinga@example.com,6944624864,Tinsukia,India,2026-08-06 16:01:01.515719,2026-08-06 16:01:01.515719
453,Bimala,Rattan,xcherian@example.com,3593828350,Raipur,India,2026-08-06 16:01:02.877938,2026-08-06 16:01:02.877938
454,Devika,Mandal,hiral15@example.net,7152004769,Giridih,India,2026-08-06 16:01:04.277853,2026-08-06 16:01:04.277853
455,Anusha,Kala,widishakorpal@example.com,1277888454,Amritsar,India,2026-08-06 16:01:05.458370,2026-08-06 16:01:05.458370
456,Bhanumati,Sandal,bariaveda@example.org,6419289274,Jhansi,India,2026-08-06 16:01:06.673236,2026-08-06 16:01:06.673236
457,Alexander,Khalsa,xavier98@example.com,2756247978,Sikar,India,2026-08-06 16:01:07.785590,2026-08-06 16:01:07.785590
458,Wriddhish,Sarin,emahajan@example.com,6387143006,Katni,India,2026-08-06 16:01:08.910627,2026-08-06 16:01:08.910627
459,Ekalinga,Babu,graj@example.org,5176009167,Bharatpur,India,2026-08-06 16:01:10.119749,2026-08-06 16:01:10.119749
460,Anita,Sahota,daniel44@example.com,8832584945,Panchkula,India,2026-08-06 16:01:11.322771,2026-08-06 16:01:11.322771
461,Gaurangi,Murty,watika62@example.net,6207464974,Hazaribagh,India,2026-08-06 16:01:12.680308,2026-08-06 16:01:12.680308
462,Vasatika,Pathak,odikagolla@example.com,0889144307,Rajpur Sonarpur,India,2026-08-06 16:01:14.178368,2026-08-06 16:01:14.178368
463,Jairaj,Reddy,siyasura@example.com,0516482282,Dhule,India,2026-08-06 16:01:15.308129,2026-08-06 16:01:15.308129
464,Kalpit,Gour,merchantati@example.net,1595249207,Raipur,India,2026-08-06 16:01:16.612929,2026-08-06 16:01:16.612929
465,Wyatt,Sura,pgrewal@example.org,8526414394,Haldia,India,2026-08-06 16:01:17.933152,2026-08-06 16:01:17.933152
466,Dhriti,Pall,zayyan29@example.net,8846766425,Dibrugarh,India,2026-08-06 16:01:19.475973,2026-08-06 16:01:19.475973
467,Kritika,Edwin,kpanchal@example.net,1403579411,Uluberia,India,2026-08-06 16:01:20.842964,2026-08-06 16:01:20.842964
468,Yuvraj,Jayaraman,oupadhyay@example.org,4541177245,Bhopal,India,2026-08-06 16:01:22.103670,2026-08-06 16:01:22.103670
469,Fitan,Lad,anamikakashyap@example.net,8127855915,Nashik,India,2026-08-06 16:01:23.658152,2026-08-06 16:01:23.658152
470,Ati,Tripathi,aroraaadhya@example.com,1416216225,Tirupati,India,2026-08-06 16:01:25.073350,2026-08-06 16:01:25.073350
471,Anita,Behl,upasna28@example.org,4884222714,Vadodara,India,2026-08-06 16:01:26.248965,2026-08-06 16:01:26.248965
472,Ayushman,Sachdeva,wadhwaqadim@example.net,9303296720,Bellary,India,2026-08-06 16:01:27.921573,2026-08-06 16:01:27.921573
473,Vedika,Kapur,fitan17@example.com,3380492379,Ranchi,India,2026-08-06 16:01:29.243617,2026-08-06 16:01:29.243617
474,Ikbal,Dash,xavier84@example.com,3353380268,Karnal,India,2026-08-06 16:01:30.258274,2026-08-06 16:01:30.258274
475,Wriddhish,Kothari,rehaanpradhan@example.net,6758674012,Ahmednagar,India,2026-08-06 16:01:31.333071,2026-08-06 16:01:31.333071
476,Chaaya,Nagy,wardabarman@example.net,3511249780,Bijapur,India,2026-08-06 16:01:32.293861,2026-08-06 16:01:32.293861
477,Meera,Kaul,davesachi@example.org,8700839486,Pune,India,2026-08-06 16:01:33.355191,2026-08-06 16:01:33.355191
478,Ikbal,Rajagopal,ansh03@example.org,8675283813,Kadapa,India,2026-08-06 16:01:34.630828,2026-08-06 16:01:34.630828
479,Chakrika,Ganesan,nathanielbath@example.com,6136283118,Chittoor,India,2026-08-06 16:01:36.097916,2026-08-06 16:01:36.097916
480,Kamala,Chahal,vrishtinair@example.org,4130819687,Guntakal,India,2026-08-06 16:01:38.256092,2026-08-06 16:01:38.256092
481,Fiyaz,Raghavan,patrickhalder@example.org,4390364166,Anantapur,India,2026-08-06 16:01:39.568222,2026-08-06 16:01:39.568222
482,Triya,Dasgupta,kamyakaul@example.com,2404043470,Khora ,India,2026-08-06 16:01:40.733653,2026-08-06 16:01:40.733653
483,Sudiksha,Bail,arya71@example.com,5237133632,Srinagar,India,2026-08-06 16:01:42.438128,2026-08-06 16:01:42.438128
484,Farhan,Mann,devansh87@example.net,5085879899,Munger,India,2026-08-06 16:01:43.713033,2026-08-06 16:01:43.713033
485,Hamsini,Panchal,baghyawatiram@example.org,3539099117,Panchkula,India,2026-08-06 16:01:45.353087,2026-08-06 16:01:45.353087
486,Dalbir,Dey,emagar@example.net,8097024763,Navi Mumbai,India,2026-08-06 16:01:46.578486,2026-08-06 16:01:46.578486
487,Tara,Radhakrishnan,utkarshbhattacharyya@example.net,1537244703,Jamalpur,India,2026-08-06 16:01:47.988665,2026-08-06 16:01:47.988665
488,Ijaya,Singhal,ebhatia@example.org,5444424077,Kurnool,India,2026-08-06 16:01:49.328547,2026-08-06 16:01:49.328547
489,Jeremiah,Jhaveri,bansalgautami@example.org,4823872666,Ahmedabad,India,2026-08-06 16:01:50.878110,2026-08-06 16:01:50.878110
490,Advaith,Minhas,virkdamyanti@example.com,4508320352,Pali,India,2026-08-06 16:01:52.437496,2026-08-06 16:01:52.437496
491,Urmi,Sunder,libnivig@example.org,9865731580,Nagpur,India,2026-08-06 16:01:53.298145,2026-08-06 16:01:53.298145
492,Vanya,Chaudry,vivaanvenkataraman@example.net,0860351371,Akola,India,2026-08-06 16:01:54.267945,2026-08-06 16:01:54.267945
493,Aarna,Sangha,pchopra@example.org,1936230556,Raiganj,India,2026-08-06 16:01:55.253709,2026-08-06 16:01:55.253709
494,Jai,Bhatti,viraj95@example.net,0517507568,Indore,India,2026-08-06 16:01:56.691149,2026-08-06 16:01:56.691149
495,Ekavir,Desai,veersoman@example.org,8617143060,Asansol,India,2026-08-06 16:01:58.188605,2026-08-06 16:01:58.188605
496,Leela,Deo,parmerhamsini@example.net,4139178720,Gulbarga,India,2026-08-06 16:02:00.013654,2026-08-06 16:02:00.013654
497,Lavanya,Agarwal,hbahl@example.org,9016377623,Madurai,India,2026-08-06 16:02:01.468264,2026-08-06 16:02:01.468264
498,Upadhriti,Khatri,kannanmohini@example.net,5100222159,Nagaon,India,2026-08-06 16:02:02.484012,2026-08-06 16:02:02.484012
499,Rohan,Ahluwalia,lalsamarth@example.org,1096246413,Mango,India,2026-08-06 16:02:03.498059,2026-08-06 16:02:03.498059
500,Yug,Prashad,balendrabalay@example.org,8992350216,Jaunpur,India,2026-08-06 16:02:04.518233,2026-08-06 16:02:04.518233
501,Ojas,Sunder,bahadurjitkant@example.com,9372398036,Eluru,India,2026-08-06 16:02:05.408456,2026-08-06 16:02:05.408456
502,Anthony,Vohra,oliver70@example.com,2194080564,Bidar,India,2026-08-06 16:02:06.342761,2026-08-06 16:02:06.342761
503,Mahika,Chana,zachariahamsini@example.com,0005943818,Guntakal,India,2026-08-06 16:02:07.287805,2026-08-06 16:02:07.287805
504,Ekaja,Choudhury,vinaya98@example.com,8505273959,Agartala,India,2026-08-06 16:02:09.008329,2026-08-06 16:02:09.008329
505,Anjali,Mital,vbose@example.net,6549430914,Muzaffarpur,India,2026-08-06 16:02:10.457726,2026-08-06 16:02:10.457726
506,Ria,Saxena,raaginilall@example.org,7368605700,Bidar,India,2026-08-06 16:02:11.613636,2026-08-06 16:02:11.613636
507,Lakshmi,Nazareth,datebalvan@example.org,3005242719,Davanagere,India,2026-08-06 16:02:12.998001,2026-08-06 16:02:12.998001
508,Orinder,Handa,dhritichowdhury@example.com,9560047200,Jamalpur,India,2026-08-06 16:02:14.393213,2026-08-06 16:02:14.393213
509,Amaira,Mane,ubika78@example.org,0323390221,Munger,India,2026-08-06 16:02:15.296097,2026-08-06 16:02:15.296097
510,Kevin,Chada,harshilkapur@example.org,6288199944,Meerut,India,2026-08-06 16:02:16.525043,2026-08-06 16:02:16.525043
511,Janya,Panchal,xsha@example.net,5363481584,Ghaziabad,India,2026-08-06 16:02:17.520423,2026-08-06 16:02:17.520423
512,Jackson,Saraf,desaiyuvraj@example.com,6757983388,Belgaum,India,2026-08-06 16:02:18.648336,2026-08-06 16:02:18.648336
513,Wridesh,Thaman,utkarshbrahmbhatt@example.com,2864752655,Bardhaman,India,2026-08-06 16:02:19.978348,2026-08-06 16:02:19.978348
514,Mekhala,Prakash,alka02@example.org,1752062247,Alappuzha,India,2026-08-06 16:02:21.525871,2026-08-06 16:02:21.525871
515,Jasmit,Chadha,riya69@example.org,8820700052,Bidhannagar,India,2026-08-06 16:02:22.933040,2026-08-06 16:02:22.933040
516,Fiyaz,Kalita,batraeshana@example.com,7717144828,Mehsana,India,2026-08-06 16:02:24.144063,2026-08-06 16:02:24.144063
517,Jalsa,Thaker,tkumer@example.com,3450607945,Tezpur,India,2026-08-06 16:02:25.233531,2026-08-06 16:02:25.233531
518,Aachal,Sood,krishna82@example.org,9255531762,Katni,India,2026-08-06 16:02:26.226262,2026-08-06 16:02:26.226262
519,Ridhi,Rai,haritasubramaniam@example.org,6331727615,Bongaigaon,India,2026-08-06 16:02:27.190786,2026-08-06 16:02:27.190786
520,Girindra,Gade,zehaan41@example.com,9297121353,Bhopal,India,2026-08-06 16:02:28.203148,2026-08-06 16:02:28.203148
521,Yashawini,Andra,dmalhotra@example.com,6110578143,Tiruvottiyur,India,2026-08-06 16:02:29.250593,2026-08-06 16:02:29.250593
522,Yochana,Pant,ronithdugar@example.org,9060304977,Kulti,India,2026-08-06 16:02:30.793386,2026-08-06 16:02:30.793386
523,Ekiya,Nanda,rattieshana@example.net,7680665302,Mathura,India,2026-08-06 16:02:32.138551,2026-08-06 16:02:32.138551
524,Nathan,Hayre,kiaan04@example.net,9248017658,Bangalore,India,2026-08-06 16:02:33.683176,2026-08-06 16:02:33.683176
525,Frado,Sandal,nimrat15@example.net,2446533748,Arrah,India,2026-08-06 16:02:34.883110,2026-08-06 16:02:34.883110
526,Faqid,Mital,hredhaanthaker@example.org,5517553375,Guna,India,2026-08-06 16:02:36.063307,2026-08-06 16:02:36.063307
527,Vrinda,Mani,ozalibni@example.org,3961159300,Kamarhati,India,2026-08-06 16:02:37.207761,2026-08-06 16:02:37.207761
528,Januja,Raja,ntak@example.com,0714886790,Siwan,India,2026-08-06 16:02:38.402676,2026-08-06 16:02:38.402676
529,Divya,Pillai,ayushman05@example.org,5832937602,Firozabad,India,2026-08-06 16:02:39.425665,2026-08-06 16:02:39.425665
530,Samuel,Gandhi,wriddhishsami@example.org,7830577634,Bhind,India,2026-08-06 16:02:40.357981,2026-08-06 16:02:40.357981
531,Netra,Bhatti,hbala@example.net,4623558686,Berhampore,India,2026-08-06 16:02:41.712570,2026-08-06 16:02:41.712570
532,Irya,Mane,zashilnarasimhan@example.net,5670470611,Mumbai,India,2026-08-06 16:02:42.943475,2026-08-06 16:02:42.943475
533,Saanvi,Rattan,vrinda74@example.org,9916193485,Thoothukudi,India,2026-08-06 16:02:44.335547,2026-08-06 16:02:44.335547
534,Hema,Ben,akshay09@example.net,1279268720,Imphal,India,2026-08-06 16:02:46.126020,2026-08-06 16:02:46.126020
535,Madhavi,Bawa,kashish67@example.org,2449906142,Panihati,India,2026-08-06 16:02:47.138011,2026-08-06 16:02:47.138011
536,Bhavani,Narula,hiral91@example.com,0481779506,Phusro,India,2026-08-06 16:02:48.088615,2026-08-06 16:02:48.088615
537,Vritti,D’Alia,kamya11@example.com,5363089032,Katihar,India,2026-08-06 16:02:49.181174,2026-08-06 16:02:49.181174
538,Abha,Radhakrishnan,dassadvik@example.org,1741403914,Amravati,India,2026-08-06 16:02:50.447374,2026-08-06 16:02:50.447374
539,Adya,Rai,usura@example.net,5454289985,Bathinda,India,2026-08-06 16:02:51.778597,2026-08-06 16:02:51.778597
540,Abha,Ramakrishnan,tejasmodi@example.org,2909415443,Guntakal,India,2026-08-06 16:02:52.898832,2026-08-06 16:02:52.898832
541,Urmi,Parmer,niharika95@example.org,4024112641,Srikakulam,India,2026-08-06 16:02:54.353276,2026-08-06 16:02:54.353276
542,Yashodhara,Deshpande,jackson80@example.net,9384264996,Srikakulam,India,2026-08-06 16:02:55.373163,2026-08-06 16:02:55.373163
543,Amruta,Bhasin,ybajaj@example.net,0094376389,Nagercoil,India,2026-08-06 16:02:56.483645,2026-08-06 16:02:56.483645
544,Harinakshi,Wali,yuvraj12@example.net,7306050600,Unnao,India,2026-08-06 16:02:57.321018,2026-08-06 16:02:57.321018
545,Balhaar,Choudhury,ansh85@example.net,5260683187,Bijapur,India,2026-08-06 16:02:58.382675,2026-08-06 16:02:58.382675
546,Warhi,Venkatesh,gayathri54@example.net,5125331021,Patna,India,2026-08-06 16:02:59.633185,2026-08-06 16:02:59.633185
547,Hemang,Chandra,xiti62@example.net,4667535062,Tadepalligudem,India,2026-08-06 16:03:00.917603,2026-08-06 16:03:00.917603
548,Brinda,Dass,omerchant@example.org,2922112120,Karawal Nagar,India,2026-08-06 16:03:02.698048,2026-08-06 16:03:02.698048
549,Nisha,Hari,choudharyelijah@example.net,3646387352,Ambala,India,2026-08-06 16:03:03.974767,2026-08-06 16:03:03.974767
550,Gabriel,Uppal,indiramody@example.com,4933133297,Malegaon,India,2026-08-06 16:03:05.253351,2026-08-06 16:03:05.253351
551,Farhan,Bhargava,chandaeiravati@example.com,9449327430,Amroha,India,2026-08-06 16:03:06.833173,2026-08-06 16:03:06.833173
552,Keya,Garg,chahalethan@example.com,9159425336,Shimoga,India,2026-08-06 16:03:08.000049,2026-08-06 16:03:08.000049
553,Ekta,Kale,janaki34@example.org,0159168023,South Dumdum,India,2026-08-06 16:03:09.048731,2026-08-06 16:03:09.048731
554,Nidhi,Dash,hsoni@example.net,2699482551,Ballia,India,2026-08-06 16:03:09.932708,2026-08-06 16:03:09.932708
555,Yashawini,Aggarwal,janani24@example.org,7635794890,Kulti,India,2026-08-06 16:03:10.927719,2026-08-06 16:03:10.927719
556,Idika,Char,gdevan@example.org,0745209446,Asansol,India,2026-08-06 16:03:12.288253,2026-08-06 16:03:12.288253
557,Fitan,Merchant,eta32@example.net,9393766492,Nandyal,India,2026-08-06 16:03:13.702603,2026-08-06 16:03:13.702603
558,Keya,Madan,ayaandevi@example.com,6886246520,Thanjavur,India,2026-08-06 16:03:15.165324,2026-08-06 16:03:15.165324
559,Aadi,Banerjee,binapadmanabhan@example.com,0092686928,Panvel,India,2026-08-06 16:03:16.693325,2026-08-06 16:03:16.693325
560,Ira,Prabhakar,advikasrinivasan@example.net,3433840827,Kumbakonam,India,2026-08-06 16:03:18.223049,2026-08-06 16:03:18.223049
561,Ekaraj,Rattan,nilimanayar@example.org,9538236910,Varanasi,India,2026-08-06 16:03:19.215409,2026-08-06 16:03:19.215409
562,Qarin,Chacko,choudhuryhamsini@example.org,5029522432,Saharsa,India,2026-08-06 16:03:20.385711,2026-08-06 16:03:20.385711
563,Naveen,Wagle,tmitra@example.net,0890400638,Sultan Pur Majra,India,2026-08-06 16:03:21.480105,2026-08-06 16:03:21.480105
564,George,Purohit,bathbalvan@example.net,6278088566,Amroha,India,2026-08-06 16:03:23.218055,2026-08-06 16:03:23.218055
565,Onkar,Dash,dsingh@example.org,2719506840,Ghaziabad,India,2026-08-06 16:03:24.392575,2026-08-06 16:03:24.392575
566,Adya,Chowdhury,baghyawatideo@example.com,6222345337,Jaunpur,India,2026-08-06 16:03:25.977424,2026-08-06 16:03:25.977424
567,Dhriti,Pandey,harinakshi15@example.org,3897440037,Jaipur,India,2026-08-06 16:03:27.552959,2026-08-06 16:03:27.552959
568,Ekapad,Soman,vihaandesai@example.com,7955273810,Bilaspur,India,2026-08-06 16:03:29.067963,2026-08-06 16:03:29.067963
569,Zaid,Dass,cmadan@example.net,7001717751,Guna,India,2026-08-06 16:03:32.097598,2026-08-06 16:03:32.097598
570,Yoshita,Sandhu,kalebalhaar@example.net,1196444010,Sirsa,India,2026-08-06 16:03:34.582098,2026-08-06 16:03:34.582098
571,Yochana,More,bhanumati86@example.com,1723768615,Tiruchirappalli,India,2026-08-06 16:03:36.592587,2026-08-06 16:03:36.592587
572,Rachit,Sani,dev14@example.com,4705912087,Srikakulam,India,2026-08-06 16:03:38.716978,2026-08-06 16:03:38.716978
573,Kevin,Chhabra,chandaxalak@example.com,7595622692,Chittoor,India,2026-08-06 16:03:41.092320,2026-08-06 16:03:41.092320
574,Rehaan,Halder,andrew31@example.net,0177801830,Suryapet,India,2026-08-06 16:03:42.224895,2026-08-06 16:03:42.224895
575,Isha,Zacharia,kevin07@example.com,9680948993,Bhusawal,India,2026-08-06 16:03:43.367699,2026-08-06 16:03:43.367699
576,Mohini,Ray,riabhagat@example.net,5912769293,Serampore,India,2026-08-06 16:03:44.585137,2026-08-06 16:03:44.585137
577,Aryan,Buch,lsamra@example.net,4155693506,Haldia,India,2026-08-06 16:03:46.242439,2026-08-06 16:03:46.242439
578,Indira,Sagar,ekanidube@example.com,7693063091,Haridwar,India,2026-08-06 16:03:47.417787,2026-08-06 16:03:47.417787
579,Nathaniel,Mander,egour@example.net,5004067745,Nagercoil,India,2026-08-06 16:03:48.492542,2026-08-06 16:03:48.492542
580,Ekaraj,Sinha,vamakshi41@example.com,6961432556,Jalna,India,2026-08-06 16:03:49.394345,2026-08-06 16:03:49.394345
581,Chandran,Prashad,esabharwal@example.net,6287579486,Burhanpur,India,2026-08-06 16:03:50.672571,2026-08-06 16:03:50.672571
582,Fariq,Ramesh,cradhakrishnan@example.net,0061399240,Udupi,India,2026-08-06 16:03:52.022913,2026-08-06 16:03:52.022913
583,Jairaj,Ramaswamy,spandit@example.net,5854113022,Warangal,India,2026-08-06 16:03:52.937656,2026-08-06 16:03:52.937656
584,Xiti,Raj,devkapur@example.net,4821351886,Bhilai,India,2026-08-06 16:03:54.268100,2026-08-06 16:03:54.268100
585,Udyati,Iyengar,baralwaida@example.org,2377890235,Chapra,India,2026-08-06 16:03:55.750049,2026-08-06 16:03:55.750049
586,Teerth,Bansal,xsetty@example.com,1710290425,Surendranagar Dudhrej,India,2026-08-06 16:03:56.609714,2026-08-06 16:03:56.609714
587,Ayushman,Ram,dayamai79@example.com,7657815595,Motihari,India,2026-08-06 16:03:57.792629,2026-08-06 16:03:57.792629
588,Urvi,Gulati,sdada@example.org,8988883357,Jamalpur,India,2026-08-06 16:03:59.667416,2026-08-06 16:03:59.667416
589,Zaid,Deo,lkarpe@example.org,9107167314,Shivpuri,India,2026-08-06 16:04:00.892543,2026-08-06 16:04:00.892543
590,Michael,Palla,kevinvarkey@example.com,8310202040,Gorakhpur,India,2026-08-06 16:04:01.927661,2026-08-06 16:04:01.927661
591,Upkaar,Khare,gnarayan@example.net,5299647816,Raichur,India,2026-08-06 16:04:03.442687,2026-08-06 16:04:03.442687
592,Hemani,Kanda,triyaganesh@example.org,4613934995,Mangalore,India,2026-08-06 16:04:04.837175,2026-08-06 16:04:04.837175
593,Lavanya,Goswami,raksha78@example.com,3261234058,Bilaspur,India,2026-08-06 16:04:06.507766,2026-08-06 16:04:06.507766
594,Shivansh,Mannan,ibadami@example.com,6552339991,Sangli-Miraj & Kupwad,India,2026-08-06 16:04:07.842828,2026-08-06 16:04:07.842828
595,Ishanvi,Kumar,dixitijaya@example.com,4033654822,North Dumdum,India,2026-08-06 16:04:08.972455,2026-08-06 16:04:08.972455
596,Faraj,Sandhu,gagandate@example.org,9914447070,Varanasi,India,2026-08-06 16:04:10.367630,2026-08-06 16:04:10.367630
597,Lila,Yadav,baradbalhaar@example.com,0056846115,Miryalaguda,India,2026-08-06 16:04:11.774971,2026-08-06 16:04:11.774971
598,Charita,Sachdeva,arjun67@example.net,7644369204,Gaya,India,2026-08-06 16:04:12.814529,2026-08-06 16:04:12.814529
599,Xiti,Kohli,thakurmanan@example.org,5011874248,Mango,India,2026-08-06 16:04:14.202751,2026-08-06 16:04:14.202751
600,Yashawini,Palan,cchana@example.net,7542670212,Kumbakonam,India,2026-08-06 16:04:15.553006,2026-08-06 16:04:15.553006
601,Rachana,Ganesh,udant56@example.net,7062231026,Buxar,India,2026-08-06 16:04:16.714985,2026-08-06 16:04:16.714985
602,Dev,Barad,damyanti27@example.org,2158555199,Faridabad,India,2026-08-06 16:04:18.038051,2026-08-06 16:04:18.038051
603,Ijaya,Oak,shenoyjoshua@example.net,1335789027,Tadipatri,India,2026-08-06 16:04:19.271869,2026-08-06 16:04:19.271869
604,Dhriti,Sankar,thomasparikh@example.org,1520155247,Kochi,India,2026-08-06 16:04:20.599614,2026-08-06 16:04:20.599614
605,Gayathri,Rajagopal,peterpingle@example.com,6409640222,Thane,India,2026-08-06 16:04:21.813117,2026-08-06 16:04:21.813117
606,Zilmil,Rau,jai90@example.com,0603726402,Gulbarga,India,2026-08-06 16:04:23.100319,2026-08-06 16:04:23.100319
607,Neha,Lata,upadhriti51@example.org,4985843194,Ambattur,India,2026-08-06 16:04:24.392183,2026-08-06 16:04:24.392183
608,Daniel,Kunda,wjain@example.com,9090430495,Nanded,India,2026-08-06 16:04:26.092121,2026-08-06 16:04:26.092121
609,Warinder,Bawa,ronith42@example.org,3385756004,Jaipur,India,2026-08-06 16:04:28.142845,2026-08-06 16:04:28.142845
610,Brinda,Sarin,vwalla@example.net,5429955604,Ajmer,India,2026-08-06 16:04:30.750704,2026-08-06 16:04:30.750704
611,Nakul,Chopra,balvansani@example.net,6236130655,Jorhat,India,2026-08-06 16:04:31.893044,2026-08-06 16:04:31.893044
612,Amaira,Tata,banjeetkata@example.org,2477157599,Tadipatri,India,2026-08-06 16:04:33.062819,2026-08-06 16:04:33.062819
613,Balveer,Barad,faqid51@example.com,2047344957,Satara,India,2026-08-06 16:04:34.758980,2026-08-06 16:04:34.758980
614,Aarini,Barad,lakshit00@example.org,4477043711,Dewas,India,2026-08-06 16:04:35.807968,2026-08-06 16:04:35.807968
615,Saumya,Gulati,gwalla@example.com,1789536316,Sikar,India,2026-08-06 16:04:37.139867,2026-08-06 16:04:37.139867
616,Chameli,Thakkar,mdube@example.net,2437212956,Tumkur,India,2026-08-06 16:04:38.297373,2026-08-06 16:04:38.297373
617,Teerth,Divan,ayush48@example.net,4780994363,Ahmednagar,India,2026-08-06 16:04:39.575151,2026-08-06 16:04:39.575151
618,Rayaan,Bera,raiojas@example.net,7778878604,Erode,India,2026-08-06 16:04:40.992902,2026-08-06 16:04:40.992902
619,Naveen,Issac,harshilbhavsar@example.net,6773885253,Mira-Bhayandar,India,2026-08-06 16:04:43.533341,2026-08-06 16:04:43.533341
620,Naveen,Comar,bakhshisaha@example.com,6625906283,Tirunelveli,India,2026-08-06 16:04:45.080356,2026-08-06 16:04:45.080356
621,Shravya,Pandey,usen@example.com,6318046674,Satna,India,2026-08-06 16:04:46.643004,2026-08-06 16:04:46.643004
622,Geetika,Memon,jmangal@example.com,8396812801,Rajahmundry,India,2026-08-06 16:04:48.011717,2026-08-06 16:04:48.011717
623,Mohini,Om,pillaivincent@example.com,9494811608,Muzaffarpur,India,2026-08-06 16:04:49.852601,2026-08-06 16:04:49.852601
624,Yatan,Sagar,chanderayaan@example.org,3388406855,Bangalore,India,2026-08-06 16:04:52.004560,2026-08-06 16:04:52.004560
625,Dalaja,Agarwal,jalsa48@example.org,4943301380,Ujjain,India,2026-08-06 16:04:53.723009,2026-08-06 16:04:53.723009
626,Tristan,Venkataraman,sara25@example.com,4461804191,Bally,India,2026-08-06 16:04:56.008222,2026-08-06 16:04:56.008222
627,Atharv,Amble,vbehl@example.com,6313900794,Ludhiana,India,2026-08-06 16:04:57.932387,2026-08-06 16:04:57.932387
628,Ikbal,Varty,msetty@example.org,9714436867,Ambala,India,2026-08-06 16:04:59.867271,2026-08-06 16:04:59.867271
629,Chaaya,Venkatesh,rehaan57@example.net,5708997701,Panipat,India,2026-08-06 16:05:01.984626,2026-08-06 16:05:01.984626
630,Lajita,Narang,chavvi87@example.net,1748186249,Panvel,India,2026-08-06 16:05:03.322952,2026-08-06 16:05:03.322952
631,Adweta,Dugal,farasmuni@example.net,7543380977,Bharatpur,India,2026-08-06 16:05:05.162930,2026-08-06 16:05:05.162930
632,Fariq,Mital,rattiojasvi@example.com,0832616106,Dhule,India,2026-08-06 16:05:06.422798,2026-08-06 16:05:06.422798
633,Zarna,Vasa,janibhavani@example.com,3267598411,Ambarnath,India,2026-08-06 16:05:08.717932,2026-08-06 16:05:08.717932
634,Vivaan,Kumer,mallickwarda@example.com,3073946596,Eluru,India,2026-08-06 16:05:10.122378,2026-08-06 16:05:10.122378
635,Timothy,Koshy,jaikari@example.net,0588189422,Bidar,India,2026-08-06 16:05:11.989865,2026-08-06 16:05:11.989865
636,Bhavani,Nayar,ayaanratti@example.com,8754754192,Danapur,India,2026-08-06 16:05:14.110293,2026-08-06 16:05:14.110293
637,Zayan,Nagy,usehgal@example.com,9728632212,Katni,India,2026-08-06 16:05:16.222884,2026-08-06 16:05:16.222884
638,Tristan,Barad,aarna95@example.com,4906224112,Karnal,India,2026-08-06 16:05:17.504723,2026-08-06 16:05:17.504723
639,Banjeet,More,jkhurana@example.com,0186140588,Bulandshahr,India,2026-08-06 16:05:19.432907,2026-08-06 16:05:19.432907
640,Reyansh,Kanda,avi26@example.org,5569986500,Malegaon,India,2026-08-06 16:05:21.390417,2026-08-06 16:05:21.390417
641,Agastya,Sami,banerjeeanusha@example.org,0051415382,Ongole,India,2026-08-06 16:05:23.143195,2026-08-06 16:05:23.143195
642,Wakeeta,Chaudhry,thomas25@example.com,3306468362,Guntakal,India,2026-08-06 16:05:24.272845,2026-08-06 16:05:24.272845
643,Ishanvi,Dey,harishbarad@example.com,9022007881,Kottayam,India,2026-08-06 16:05:25.674551,2026-08-06 16:05:25.674551
644,Veda,Golla,yatan08@example.net,7282763496,Jalandhar,India,2026-08-06 16:05:27.279515,2026-08-06 16:05:27.279515
645,Girish,Deo,gsaran@example.org,8425800073,Shahjahanpur,India,2026-08-06 16:05:29.132452,2026-08-06 16:05:29.132452
646,Upasna,Handa,ruppal@example.org,2930001096,Ozhukarai,India,2026-08-06 16:05:30.447702,2026-08-06 16:05:30.447702
647,Kala,Seth,zsheth@example.org,6608721986,Pune,India,2026-08-06 16:05:31.744541,2026-08-06 16:05:31.744541
648,Bhavini,Kapoor,rameshpahal@example.net,0862951014,Muzaffarpur,India,2026-08-06 16:05:33.012477,2026-08-06 16:05:33.012477
649,Harini,Ganesh,sampathrajata@example.net,7831843256,Rajahmundry,India,2026-08-06 16:05:34.644582,2026-08-06 16:05:34.644582
650,Harish,Dhar,dayamaibumb@example.org,4631187963,Patiala,India,2026-08-06 16:05:35.822304,2026-08-06 16:05:35.822304
651,Fiyaz,Warrior,guneetmand@example.com,2413592735,Kurnool,India,2026-08-06 16:05:37.342382,2026-08-06 16:05:37.342382
652,Suhani,Krishna,rayazaan@example.net,5855223565,Firozabad,India,2026-08-06 16:05:38.752296,2026-08-06 16:05:38.752296
653,Lila,Chanda,birdeepa@example.com,7177561476,Khandwa,India,2026-08-06 16:05:39.997321,2026-08-06 16:05:39.997321
654,Nicholas,Wagle,aryanrout@example.com,2254802796,Firozabad,India,2026-08-06 16:05:41.157444,2026-08-06 16:05:41.157444
655,Aahana,Subramaniam,jeremiahnayar@example.com,1481359578,Khammam,India,2026-08-06 16:05:42.119450,2026-08-06 16:05:42.119450
656,Caleb,Sarraf,samraaadi@example.org,2760646464,Durgapur,India,2026-08-06 16:05:43.257170,2026-08-06 16:05:43.257170
657,Wakeeta,Saraf,oliver50@example.org,8867362917,Chandigarh,India,2026-08-06 16:05:44.212473,2026-08-06 16:05:44.212473
658,Vritti,Sangha,awadhwa@example.net,0036963310,Bharatpur,India,2026-08-06 16:05:44.992658,2026-08-06 16:05:44.992658
659,Laksh,Hegde,gsaini@example.net,4012928419,Mathura,India,2026-08-06 16:05:45.922387,2026-08-06 16:05:45.922387
660,Theodore,Cherian,prakashbenjamin@example.com,7109317431,Hubli–Dharwad,India,2026-08-06 16:05:47.309649,2026-08-06 16:05:47.309649
661,Widisha,Saha,anita35@example.net,1258949847,Dhanbad,India,2026-08-06 16:05:48.507416,2026-08-06 16:05:48.507416
662,Aadhya,Chaudry,mishrajatin@example.com,0665327871,Baranagar,India,2026-08-06 16:05:49.460111,2026-08-06 16:05:49.460111
663,Kashish,Jha,ekarajkarpe@example.org,8972806487,Chandigarh,India,2026-08-06 16:05:50.727849,2026-08-06 16:05:50.727849
664,Gautami,Borah,dbhalla@example.net,2221492430,Aurangabad,India,2026-08-06 16:05:52.057940,2026-08-06 16:05:52.057940
665,Kevin,Dugar,dlala@example.org,5783792010,Malegaon,India,2026-08-06 16:05:52.970036,2026-08-06 16:05:52.970036
666,Girik,Tata,tanay56@example.com,1181676445,Deoghar,India,2026-08-06 16:05:53.952424,2026-08-06 16:05:53.952424
667,Bina,Datta,chameli02@example.org,5129826602,Secunderabad,India,2026-08-06 16:05:54.969959,2026-08-06 16:05:54.969959
668,Veer,Bir,maanavhalder@example.com,0406478256,Kalyan-Dombivli,India,2026-08-06 16:05:56.857796,2026-08-06 16:05:56.857796
669,Jacob,Ganguly,kohlibalhaar@example.com,8532499401,Warangal,India,2026-08-06 16:05:58.047627,2026-08-06 16:05:58.047627
670,Liam,Sood,harita60@example.net,9851487175,Kurnool,India,2026-08-06 16:05:59.139257,2026-08-06 16:05:59.139257
671,Neel,Arya,lalayatan@example.org,9851332664,Latur,India,2026-08-06 16:06:00.337212,2026-08-06 16:06:00.337212
672,Aashi,Mangal,samaksh43@example.org,9879473376,Madhyamgram,India,2026-08-06 16:06:01.507861,2026-08-06 16:06:01.507861
673,Bhavya,De,tanvi78@example.com,5695537056,Proddatur,India,2026-08-06 16:06:02.674501,2026-08-06 16:06:02.674501
674,Sai,Lanka,chahalmitali@example.com,8760755173,Asansol,India,2026-08-06 16:06:03.922602,2026-08-06 16:06:03.922602
675,Ranveer,Dhingra,ekavirbatta@example.com,4677311855,Mehsana,India,2026-08-06 16:06:05.307660,2026-08-06 16:06:05.307660
676,Warhi,Chanda,duttaaishani@example.com,2051737906,Nadiad,India,2026-08-06 16:06:06.418145,2026-08-06 16:06:06.418145
677,Tarak,Bhardwaj,vritti76@example.com,5338656431,Begusarai,India,2026-08-06 16:06:07.632847,2026-08-06 16:06:07.632847
678,Ansh,Pall,bainsmason@example.net,3392978108,Aizawl,India,2026-08-06 16:06:09.012538,2026-08-06 16:06:09.012538
679,Kala,Wali,yohannanlajita@example.com,4733411975,Kishanganj,India,2026-08-06 16:06:10.120184,2026-08-06 16:06:10.120184
680,Indira,Shere,esani@example.org,5434799011,Serampore,India,2026-08-06 16:06:11.277208,2026-08-06 16:06:11.277208
681,Daniel,Pau,ekanshsandal@example.org,8782142093,Pali,India,2026-08-06 16:06:12.683076,2026-08-06 16:06:12.683076
682,Azad,Johal,dshukla@example.net,1890595207,Dharmavaram,India,2026-08-06 16:06:13.713345,2026-08-06 16:06:13.713345
683,Indali,Borah,reyansh60@example.com,3704344103,Bahraich,India,2026-08-06 16:06:14.702478,2026-08-06 16:06:14.702478
684,Qabil,Hari,jsinghal@example.com,1784388555,Burhanpur,India,2026-08-06 16:06:15.649283,2026-08-06 16:06:15.649283
685,Tanvi,Aggarwal,ekantikachadha@example.net,0006198156,Jaipur,India,2026-08-06 16:06:16.467512,2026-08-06 16:06:16.467512
686,Faqid,Prakash,sanyabains@example.org,8148665661,Phagwara,India,2026-08-06 16:06:17.657557,2026-08-06 16:06:17.657557
687,Shivani,Bajwa,upkaar13@example.com,6512767990,Mahbubnagar,India,2026-08-06 16:06:18.893210,2026-08-06 16:06:18.893210
688,Kala,Halder,ravalbishakha@example.com,2021954283,Ozhukarai,India,2026-08-06 16:06:20.045127,2026-08-06 16:06:20.045127
689,Sanaya,Narula,diptabansal@example.com,6518135795,Jamnagar,India,2026-08-06 16:06:21.332741,2026-08-06 16:06:21.332741
690,Bhavini,Chander,odikaoza@example.com,7964282376,Chinsurah,India,2026-08-06 16:06:22.372554,2026-08-06 16:06:22.372554
691,Isaac,Kapur,sathvik64@example.com,1523026775,Morbi,India,2026-08-06 16:06:23.445082,2026-08-06 16:06:23.445082
692,Lakshit,Mistry,karanlakshmi@example.com,7307788424,Ratlam,India,2026-08-06 16:06:24.407832,2026-08-06 16:06:24.407832
693,Timothy,Chacko,zilmilkumer@example.org,6676852397,Shimla,India,2026-08-06 16:06:25.415000,2026-08-06 16:06:25.415000
694,Jalsa,Biswas,zchhabra@example.net,8869645926,Mangalore,India,2026-08-06 16:06:26.672342,2026-08-06 16:06:26.672342
695,Pavani,Kala,taraomaja@example.net,3054258509,Bathinda,India,2026-08-06 16:06:27.905214,2026-08-06 16:06:27.905214
696,Ganga,Bora,nagysathvik@example.org,5233787456,Jamnagar,India,2026-08-06 16:06:28.877897,2026-08-06 16:06:28.877897
697,Rayaan,Raja,laksh80@example.org,7266788650,Salem,India,2026-08-06 16:06:30.052811,2026-08-06 16:06:30.052811
698,Ayaan,Char,bsehgal@example.org,8104981393,Medininagar,India,2026-08-06 16:06:31.124657,2026-08-06 16:06:31.124657
699,Aarush,Agarwal,zmammen@example.net,6220881932,Morbi,India,2026-08-06 16:06:32.587555,2026-08-06 16:06:32.587555
700,Vincent,Guha,alexanderdeol@example.org,7596311380,Ozhukarai,India,2026-08-06 16:06:33.630027,2026-08-06 16:06:33.630027
701,Kashvi,Agate,shethmaanav@example.net,6850518574,Hapur,India,2026-08-06 16:06:34.787340,2026-08-06 16:06:34.787340
702,Ekaja,Maharaj,pooja14@example.com,2027553902,Faridabad,India,2026-08-06 16:06:35.920573,2026-08-06 16:06:35.920573
703,Christopher,Sura,ahujaadvay@example.org,2046844277,Gandhidham,India,2026-08-06 16:06:37.527267,2026-08-06 16:06:37.527267
704,Rishi,Sinha,azadgaba@example.com,8939500152,Raipur,India,2026-08-06 16:06:39.254654,2026-08-06 16:06:39.254654
705,Noah,Walia,yashoda17@example.org,5062942702,Orai,India,2026-08-06 16:06:40.637790,2026-08-06 16:06:40.637790
706,Akshay,Comar,abeerchada@example.com,4460808464,Sri Ganganagar,India,2026-08-06 16:06:42.057865,2026-08-06 16:06:42.057865
707,Fariq,Suresh,aayushchandran@example.net,4657343395,Jamnagar,India,2026-08-06 16:06:43.545100,2026-08-06 16:06:43.545100
708,Pranav,Thaman,akshaysuresh@example.org,2795281850,Ramgarh,India,2026-08-06 16:06:44.772672,2026-08-06 16:06:44.772672
709,Charan,Nayar,frederickgola@example.com,3691060692,Ulhasnagar,India,2026-08-06 16:06:45.927655,2026-08-06 16:06:45.927655
710,Nikita,Goyal,falgunigupta@example.net,0230119563,Faridabad,India,2026-08-06 16:06:47.340207,2026-08-06 16:06:47.340207
711,Tanish,Chandran,anamika83@example.org,8217412580,Warangal,India,2026-08-06 16:06:48.752551,2026-08-06 16:06:48.752551
712,Veda,Konda,falak63@example.com,7464193024,Tiruppur,India,2026-08-06 16:06:49.820038,2026-08-06 16:06:49.820038
713,Niharika,Hegde,padmanabhanindrajit@example.net,6399712767,Sasaram,India,2026-08-06 16:06:51.229585,2026-08-06 16:06:51.229585
714,Upasna,Sodhi,chamanyadav@example.com,7765935356,Raebareli,India,2026-08-06 16:06:52.668356,2026-08-06 16:06:52.668356
715,Forum,Morar,osane@example.org,9413149159,Madanapalle,India,2026-08-06 16:06:53.788654,2026-08-06 16:06:53.788654
716,Pranit,Nazareth,tarak94@example.org,8770399758,Tenali,India,2026-08-06 16:06:55.055639,2026-08-06 16:06:55.055639
717,Avni,Batra,pranav11@example.net,3722238593,Burhanpur,India,2026-08-06 16:06:56.476139,2026-08-06 16:06:56.476139
718,Damyanti,Wali,maxbalan@example.com,3529158387,Bhimavaram,India,2026-08-06 16:06:57.552816,2026-08-06 16:06:57.552816
719,Naksh,Thaman,falak10@example.net,4027016988,Muzaffarnagar,India,2026-08-06 16:06:58.913257,2026-08-06 16:06:58.913257
720,Warjas,Palla,devanfariq@example.org,7484757669,Chinsurah,India,2026-08-06 16:07:00.048007,2026-08-06 16:07:00.048007
721,Gagan,Chandran,kabir35@example.org,9873695962,Unnao,India,2026-08-06 16:07:01.492881,2026-08-06 16:07:01.492881
722,Neelima,Rajagopal,hratta@example.org,7963681456,Tinsukia,India,2026-08-06 16:07:02.798159,2026-08-06 16:07:02.798159
723,Inaya,Batta,lsani@example.org,2228806301,Eluru,India,2026-08-06 16:07:04.653340,2026-08-06 16:07:04.653340
724,Tristan,Ravel,advayranganathan@example.org,1640798146,Kulti,India,2026-08-06 16:07:05.868233,2026-08-06 16:07:05.868233
725,Faris,Badami,reva66@example.net,4295630720,Vijayawada,India,2026-08-06 16:07:07.257699,2026-08-06 16:07:07.257699
726,Indrajit,Shere,aarnavgill@example.com,5796561796,Hubli–Dharwad,India,2026-08-06 16:07:09.038427,2026-08-06 16:07:09.038427
727,Lila,Oza,rishi92@example.org,2006695824,Kurnool,India,2026-08-06 16:07:10.534471,2026-08-06 16:07:10.534471
728,Aryan,Brar,jkari@example.com,0459669416,Chinsurah,India,2026-08-06 16:07:21.048554,2026-08-06 16:07:21.048554
729,Fiyaz,Lanka,egulati@example.com,3941628995,Miryalaguda,India,2026-08-06 16:07:22.735399,2026-08-06 16:07:22.735399
730,Madhavi,Choudhry,robert48@example.net,6050329526,Aligarh,India,2026-08-06 16:07:24.028801,2026-08-06 16:07:24.028801
731,Samesh,Murty,kavyatoor@example.org,6894858421,Hosur,India,2026-08-06 16:07:25.853089,2026-08-06 16:07:25.853089
732,Gaurav,Dutt,vmammen@example.com,2888204663,Tiruchirappalli,India,2026-08-06 16:07:27.278729,2026-08-06 16:07:27.278729
733,Ishaan,Date,kraghavan@example.org,3214437929,Mathura,India,2026-08-06 16:07:28.993596,2026-08-06 16:07:28.993596
734,Yauvani,Narayanan,tanayjani@example.net,9111678440,Tiruchirappalli,India,2026-08-06 16:07:30.928123,2026-08-06 16:07:30.928123
735,Ojasvi,Chokshi,duajagvi@example.com,4198028276,Ludhiana,India,2026-08-06 16:07:32.758387,2026-08-06 16:07:32.758387
736,Yoshita,Barman,avnimammen@example.org,8070248484,Khandwa,India,2026-08-06 16:07:34.486005,2026-08-06 16:07:34.486005
737,Ubika,Kant,psarkar@example.com,4012037317,Muzaffarnagar,India,2026-08-06 16:07:36.375824,2026-08-06 16:07:36.375824
738,Meghana,Chada,ckari@example.org,5486561405,Surat,India,2026-08-06 16:07:38.468159,2026-08-06 16:07:38.468159
739,Nidra,Doshi,orindermangal@example.net,5136770391,Bhagalpur,India,2026-08-06 16:07:39.699948,2026-08-06 16:07:39.699948
740,Harshil,Parmar,januja59@example.com,8395080478,Gulbarga,India,2026-08-06 16:07:41.317655,2026-08-06 16:07:41.317655
741,Elijah,Goyal,chaudhryjonathan@example.com,4619556020,Singrauli,India,2026-08-06 16:07:42.554268,2026-08-06 16:07:42.554268
742,Anusha,Chandra,wlalla@example.com,4833211546,Panihati,India,2026-08-06 16:07:44.289584,2026-08-06 16:07:44.289584
743,Ekalinga,Mangal,vrinda98@example.com,6687970669,Secunderabad,India,2026-08-06 16:07:45.395138,2026-08-06 16:07:45.395138
744,Shravya,Modi,charles84@example.org,6225966611,Berhampore,India,2026-08-06 16:07:47.480808,2026-08-06 16:07:47.480808
745,Falguni,Master,tejas34@example.org,6900700729,Raichur,India,2026-08-06 16:07:50.019981,2026-08-06 16:07:50.019981
746,Jacob,Ravi,bhavna27@example.org,2099909656,Kochi,India,2026-08-06 16:07:51.322617,2026-08-06 16:07:51.322617
747,Eta,Sarma,christopherborra@example.org,4881160131,Mathura,India,2026-08-06 16:07:52.692299,2026-08-06 16:07:52.692299
748,Oviya,Sama,lalkrishna@example.com,1881338138,Begusarai,India,2026-08-06 16:07:54.567449,2026-08-06 16:07:54.567449
749,Kevin,Bahl,dalalkrishna@example.net,2814561412,Bhatpara,India,2026-08-06 16:07:56.552633,2026-08-06 16:07:56.552633
750,Chatura,Sekhon,xshroff@example.com,0579634786,Hazaribagh,India,2026-08-06 16:07:57.837777,2026-08-06 16:07:57.837777
751,Brinda,Lala,ekarajandra@example.com,8993989790,Bijapur,India,2026-08-06 16:07:58.890272,2026-08-06 16:07:58.890272
752,Saumya,Tripathi,akhalsa@example.com,0893386529,Buxar,India,2026-08-06 16:07:59.982704,2026-08-06 16:07:59.982704
753,Nihal,Chhabra,anjali15@example.org,0245493527,Etawah,India,2026-08-06 16:08:01.597676,2026-08-06 16:08:01.597676
754,Lajita,Narula,januja88@example.org,5476447215,Warangal,India,2026-08-06 16:08:02.830429,2026-08-06 16:08:02.830429
755,Janani,Manda,waidaborde@example.org,0334537623,Jammu,India,2026-08-06 16:08:04.444591,2026-08-06 16:08:04.444591
756,Ekantika,Mishra,nachiket46@example.net,4026584263,Alwar,India,2026-08-06 16:08:05.912347,2026-08-06 16:08:05.912347
757,Zayyan,Barman,bahriisaac@example.com,8624362399,Dehri,India,2026-08-06 16:08:07.792902,2026-08-06 16:08:07.792902
758,Dayamai,Dua,jonathan73@example.net,5128292262,Nellore,India,2026-08-06 16:08:09.668095,2026-08-06 16:08:09.668095
759,Nitara,Palan,gprashad@example.net,0599244528,Ujjain,India,2026-08-06 16:08:12.797334,2026-08-06 16:08:12.797334
760,Harish,Choudhary,waidasalvi@example.com,6486385462,Bidhannagar,India,2026-08-06 16:08:15.069376,2026-08-06 16:08:15.069376
761,Yachana,Misra,qprakash@example.com,2420373174,Sonipat,India,2026-08-06 16:08:17.308152,2026-08-06 16:08:17.308152
762,George,Sem,veda10@example.com,7991455883,Rohtak,India,2026-08-06 16:08:19.752725,2026-08-06 16:08:19.752725
763,Advaith,Jhaveri,gagan91@example.net,0609521337,Bhagalpur,India,2026-08-06 16:08:22.208111,2026-08-06 16:08:22.208111
764,Maanav,Tella,lrandhawa@example.com,2153997953,Kamarhati,India,2026-08-06 16:08:23.922864,2026-08-06 16:08:23.922864
765,Azad,Dua,iram@example.net,1428250352,Burhanpur,India,2026-08-06 16:08:25.168280,2026-08-06 16:08:25.168280
766,Tanish,Tank,udyati97@example.com,6239848596,Ozhukarai,India,2026-08-06 16:08:26.787975,2026-08-06 16:08:26.787975
767,Edhitha,Natt,kbhasin@example.net,9429220638,Srikakulam,India,2026-08-06 16:08:28.113250,2026-08-06 16:08:28.113250
768,Hemangini,Basak,cheemaadvaith@example.org,9507081187,Vasai-Virar,India,2026-08-06 16:08:31.155244,2026-08-06 16:08:31.155244
769,Veda,Chauhan,timothy66@example.org,0265581910,Nizamabad,India,2026-08-06 16:08:33.298261,2026-08-06 16:08:33.298261
770,Balvan,Malhotra,upillay@example.org,9711743020,Howrah,India,2026-08-06 16:08:35.715046,2026-08-06 16:08:35.715046
771,Warinder,Tandon,liam72@example.org,1501570346,Solapur,India,2026-08-06 16:08:38.303312,2026-08-06 16:08:38.303312
772,Imaran,Reddy,twalia@example.net,0793870267,Buxar,India,2026-08-06 16:08:41.285700,2026-08-06 16:08:41.285700
773,Harini,Lall,tranganathan@example.org,2833375744,Ulhasnagar,India,2026-08-06 16:08:44.182332,2026-08-06 16:08:44.182332
774,Udarsh,Dada,mandalhemani@example.org,2671147225,Mathura,India,2026-08-06 16:08:47.128035,2026-08-06 16:08:47.128035
775,Suhani,Sura,chauhankaran@example.org,4877502910,Kochi,India,2026-08-06 16:08:49.717416,2026-08-06 16:08:49.717416
776,Forum,Kari,sridharazaan@example.com,4115895685,Berhampore,India,2026-08-06 16:08:52.477742,2026-08-06 16:08:52.477742
777,Raksha,Rana,pathakeiravati@example.net,7447081253,Bahraich,India,2026-08-06 16:08:54.917352,2026-08-06 16:08:54.917352
778,Krish,Rana,nihalkadakia@example.net,7953204619,Bhimavaram,India,2026-08-06 16:08:57.827698,2026-08-06 16:08:57.827698
779,Bhavna,Tiwari,mangalhredhaan@example.org,4660179050,Anand,India,2026-08-06 16:09:01.222119,2026-08-06 16:09:01.222119
780,Netra,Edwin,bkrishnan@example.com,2627171047,North Dumdum,India,2026-08-06 16:09:02.922842,2026-08-06 16:09:02.922842
781,Charles,Yogi,dbatra@example.com,0318215185,Thane,India,2026-08-06 16:09:04.737506,2026-08-06 16:09:04.737506
782,Samarth,Cheema,deshmukhaarnav@example.org,8924739834,Nagercoil,India,2026-08-06 16:09:06.447515,2026-08-06 16:09:06.447515
783,Teerth,Roy,chandrafariq@example.com,8216190226,Mangalore,India,2026-08-06 16:09:08.592863,2026-08-06 16:09:08.592863
784,Aahana,Hans,jagat13@example.net,1698476657,Durgapur,India,2026-08-06 16:09:10.419977,2026-08-06 16:09:10.419977
785,Mahika,Subramaniam,damyanti91@example.com,4684802354,Ranchi,India,2026-08-06 16:09:12.750432,2026-08-06 16:09:12.750432
786,Amara,Bassi,trivediprisha@example.net,3980757853,Yamunanagar,India,2026-08-06 16:09:14.122227,2026-08-06 16:09:14.122227
787,Veer,Kumer,inayabhatt@example.com,6918311708,Karawal Nagar,India,2026-08-06 16:09:15.548723,2026-08-06 16:09:15.548723
788,Kashvi,Gaba,mitraamara@example.com,8701191810,Erode,India,2026-08-06 16:09:16.807786,2026-08-06 16:09:16.807786
789,Kiaan,Kota,sacharira@example.org,2786130509,Visakhapatnam,India,2026-08-06 16:09:18.014767,2026-08-06 16:09:18.014767
790,Xalak,Shan,sarrafcharles@example.org,9535365812,Suryapet,India,2026-08-06 16:09:19.852685,2026-08-06 16:09:19.852685
791,Baghyawati,Sheth,sathelogan@example.org,9482882127,Mysore,India,2026-08-06 16:09:21.459398,2026-08-06 16:09:21.459398
792,Charan,Desai,victorvig@example.org,6743923467,Singrauli,India,2026-08-06 16:09:22.934670,2026-08-06 16:09:22.934670
793,Charles,Prabhakar,yuvrajdugar@example.com,3842484482,Ahmednagar,India,2026-08-06 16:09:24.742475,2026-08-06 16:09:24.742475
794,Chaitanya,Sankar,zsaraf@example.com,1814302386,Miryalaguda,India,2026-08-06 16:09:26.075219,2026-08-06 16:09:26.075219
795,Pranav,Tank,gunbirrandhawa@example.com,5428050981,Adoni,India,2026-08-06 16:09:27.787880,2026-08-06 16:09:27.787880
796,Jackson,Bora,harinakshi78@example.net,0401942324,Delhi,India,2026-08-06 16:09:29.635432,2026-08-06 16:09:29.635432
797,Frederick,Manda,ramaleena@example.net,6133313653,Jamalpur,India,2026-08-06 16:09:31.034263,2026-08-06 16:09:31.034263
798,Megha,Rajagopalan,hemalborde@example.com,9414493605,Jodhpur,India,2026-08-06 16:09:32.160107,2026-08-06 16:09:32.160107
799,Charita,Karpe,rajanumang@example.com,6564561185,Bhilwara,India,2026-08-06 16:09:33.679420,2026-08-06 16:09:33.679420
800,Wishi,Johal,oommenvasatika@example.net,7193197994,Jhansi,India,2026-08-06 16:09:35.193155,2026-08-06 16:09:35.193155
801,Orinder,Saran,nachiketmangat@example.com,5214672982,Tirupati,India,2026-08-06 16:09:37.122552,2026-08-06 16:09:37.122552
802,Dayamai,Sharma,ishanvivarty@example.org,9325701622,Jalna,India,2026-08-06 16:09:38.463306,2026-08-06 16:09:38.463306
803,Rushil,Oommen,xnayar@example.com,8522317494,Purnia,India,2026-08-06 16:09:40.095044,2026-08-06 16:09:40.095044
804,Bhavini,Rai,ekarajrana@example.net,1094437699,Srikakulam,India,2026-08-06 16:09:41.584649,2026-08-06 16:09:41.584649
805,Ekta,Sem,leelawason@example.net,2498688753,Tirupati,India,2026-08-06 16:09:43.017524,2026-08-06 16:09:43.017524
806,Edhitha,Mangat,patildevansh@example.net,9889046946,Mahbubnagar,India,2026-08-06 16:09:44.507360,2026-08-06 16:09:44.507360
807,Warhi,Dhawan,maanas47@example.net,7035985417,Asansol,India,2026-08-06 16:09:45.947525,2026-08-06 16:09:45.947525
808,Wahab,Garg,niteshdevan@example.net,1823389259,Rohtak,India,2026-08-06 16:09:47.160189,2026-08-06 16:09:47.160189
809,Leela,Sandhu,igour@example.org,6382755787,Allahabad,India,2026-08-06 16:09:48.755786,2026-08-06 16:09:48.755786
810,Jonathan,Oak,samiyug@example.com,8387500108,Raiganj,India,2026-08-06 16:09:50.238136,2026-08-06 16:09:50.238136
811,Agastya,Bajwa,mthaman@example.org,2417878887,Karnal,India,2026-08-06 16:09:51.832813,2026-08-06 16:09:51.832813
812,Ekansh,Peri,zilmildevan@example.com,6543717962,Mirzapur,India,2026-08-06 16:09:53.627489,2026-08-06 16:09:53.627489
813,Wahab,Rastogi,chakrika74@example.com,3237490040,Jalandhar,India,2026-08-06 16:09:54.582608,2026-08-06 16:09:54.582608
814,Ranbir,Bains,edhitha90@example.net,3171295748,Jalna,India,2026-08-06 16:09:56.102914,2026-08-06 16:09:56.102914
815,Pahal,Subramaniam,xmitra@example.net,3936737523,Mango,India,2026-08-06 16:09:57.517817,2026-08-06 16:09:57.517817
816,Umang,Oza,aahanayohannan@example.org,0232569542,Sasaram,India,2026-08-06 16:09:58.765190,2026-08-06 16:09:58.765190
817,Tejas,Maharaj,sthaker@example.com,6829846006,Jodhpur,India,2026-08-06 16:10:01.160334,2026-08-06 16:10:01.160334
818,Falguni,Chandran,lpingle@example.org,0012193282,Unnao,India,2026-08-06 16:10:02.579145,2026-08-06 16:10:02.579145
819,Chatresh,Chanda,hemachaudhuri@example.com,5771446334,Kozhikode,India,2026-08-06 16:10:03.928065,2026-08-06 16:10:03.928065
820,Eta,Dara,ngoyal@example.net,7797346075,Begusarai,India,2026-08-06 16:10:05.687594,2026-08-06 16:10:05.687594
821,Vrinda,Manne,ranganathanzansi@example.org,9431390958,Ambarnath,India,2026-08-06 16:10:07.731919,2026-08-06 16:10:07.731919
822,Geetika,Kurian,chakradev46@example.org,6938950140,Kumbakonam,India,2026-08-06 16:10:09.132934,2026-08-06 16:10:09.132934
823,Thomas,Soni,raghavoak@example.org,6659820484,Berhampur,India,2026-08-06 16:10:10.777718,2026-08-06 16:10:10.777718
824,Urmi,Bhagat,fariqgolla@example.com,4615861227,Anantapuram,India,2026-08-06 16:10:12.248118,2026-08-06 16:10:12.248118
825,Yug,Shanker,anatarajan@example.net,1971979567,Tadipatri,India,2026-08-06 16:10:13.882857,2026-08-06 16:10:13.882857
826,Radha,Chandra,boseneha@example.net,8087035083,Darbhanga,India,2026-08-06 16:10:15.190847,2026-08-06 16:10:15.190847
827,Ishwar,Gulati,imaranseshadri@example.net,2877747593,Guna,India,2026-08-06 16:10:16.312052,2026-08-06 16:10:16.312052
828,Vaishnavi,Shukla,maharajishaan@example.com,7916122516,Karawal Nagar,India,2026-08-06 16:10:18.117492,2026-08-06 16:10:18.117492
829,Raghav,Basu,theodoredada@example.org,3437736909,Silchar,India,2026-08-06 16:10:19.897490,2026-08-06 16:10:19.897490
830,Andrew,Sankar,ranbir71@example.net,3028070628,Rajahmundry,India,2026-08-06 16:10:21.367739,2026-08-06 16:10:21.367739
831,Jagat,Krishnamurthy,cgour@example.com,4760416601,Kolkata,India,2026-08-06 16:10:23.545553,2026-08-06 16:10:23.545553
832,Kala,Dhillon,dmenon@example.com,1918264371,Parbhani,India,2026-08-06 16:10:24.967839,2026-08-06 16:10:24.967839
833,Veer,Kulkarni,parikhtamanna@example.org,1436734432,Fatehpur,India,2026-08-06 16:10:26.404074,2026-08-06 16:10:26.404074
834,Mason,Bhardwaj,abdulparmar@example.net,0173170353,Moradabad,India,2026-08-06 16:10:27.613378,2026-08-06 16:10:27.613378
835,Mohini,Sangha,praneelbasak@example.com,1172259948,Nellore,India,2026-08-06 16:10:29.525401,2026-08-06 16:10:29.525401
836,Radhika,Dara,gsaran@example.net,5453894941,Sambalpur,India,2026-08-06 16:10:30.956885,2026-08-06 16:10:30.956885
837,Fariq,Palla,dixitubika@example.com,7124642971,Singrauli,India,2026-08-06 16:10:32.775144,2026-08-06 16:10:32.775144
838,Vivaan,Dhar,sanimeera@example.net,0076103260,Bhusawal,India,2026-08-06 16:10:34.204583,2026-08-06 16:10:34.204583
839,Balendra,Pant,knath@example.org,0049105970,Bhusawal,India,2026-08-06 16:10:35.364581,2026-08-06 16:10:35.364581
840,Ekta,Ganguly,bajwaosha@example.net,6236758625,Hubli–Dharwad,India,2026-08-06 16:10:37.197860,2026-08-06 16:10:37.197860
841,Aradhana,Palan,madhavi73@example.org,6039191084,Varanasi,India,2026-08-06 16:10:38.787712,2026-08-06 16:10:38.787712
842,Daksh,Krish,esundaram@example.org,3312881176,Berhampore,India,2026-08-06 16:10:40.037569,2026-08-06 16:10:40.037569
843,Bina,Varma,abdul52@example.net,3799274502,Khandwa,India,2026-08-06 16:10:41.372570,2026-08-06 16:10:41.372570
844,Chameli,Bala,gayathri33@example.net,0907787731,Bongaigaon,India,2026-08-06 16:10:42.405106,2026-08-06 16:10:42.405106
845,Yatin,Mann,keernidra@example.com,2201327503,Asansol,India,2026-08-06 16:10:43.292963,2026-08-06 16:10:43.292963
846,Akshay,Varty,yatanacharya@example.net,1690447077,Munger,India,2026-08-06 16:10:44.452848,2026-08-06 16:10:44.452848
847,Nandini,Bal,vkant@example.net,4180224593,Latur,India,2026-08-06 16:10:46.407722,2026-08-06 16:10:46.407722
848,Varenya,Hegde,jai26@example.com,0355723209,Bhilai,India,2026-08-06 16:10:47.823021,2026-08-06 16:10:47.823021
849,Lekha,Sandal,william07@example.com,6365984508,Pali,India,2026-08-06 16:10:48.992473,2026-08-06 16:10:48.992473
850,Girik,Thaman,faris68@example.net,0556941230,Hajipur,India,2026-08-06 16:10:50.432902,2026-08-06 16:10:50.432902
851,Nitara,More,obalan@example.net,6259296994,Mango,India,2026-08-06 16:10:51.687595,2026-08-06 16:10:51.687595
852,Falguni,Nori,wagate@example.org,3525194593,Nanded,India,2026-08-06 16:10:52.855412,2026-08-06 16:10:52.855412
853,Max,Setty,ranveer35@example.net,6705698664,Tenali,India,2026-08-06 16:10:53.977817,2026-08-06 16:10:53.977817
854,Krisha,Seshadri,baldhriti@example.net,1996882208,Agra,India,2026-08-06 16:10:55.152846,2026-08-06 16:10:55.152846
855,Jhalak,Bawa,fariqbera@example.net,8307782007,Kalyan-Dombivli,India,2026-08-06 16:10:56.113089,2026-08-06 16:10:56.113089
856,Chaitanya,Yogi,patlafitan@example.org,8625857372,Mahbubnagar,India,2026-08-06 16:10:57.269128,2026-08-06 16:10:57.269128
857,Gautam,Swaminathan,urishillapadmanabhan@example.org,7550256842,Mehsana,India,2026-08-06 16:10:58.544700,2026-08-06 16:10:58.544700
858,Ojasvi,Kannan,radha77@example.org,6516641206,Ambala,India,2026-08-06 16:10:59.877547,2026-08-06 16:10:59.877547
859,Yamini,Lad,dhriti47@example.net,5601911873,Nadiad,India,2026-08-06 16:11:01.810500,2026-08-06 16:11:01.810500
860,Tristan,Shenoy,boseishita@example.com,4172774731,Bidhannagar,India,2026-08-06 16:11:02.983316,2026-08-06 16:11:02.983316
861,Balvan,Comar,samesh15@example.com,4869716405,Indore,India,2026-08-06 16:11:04.382687,2026-08-06 16:11:04.382687
862,Sara,Shan,bailtara@example.net,0687577614,Raebareli,India,2026-08-06 16:11:06.435090,2026-08-06 16:11:06.435090
863,Rachana,Kala,wsuresh@example.org,4403961640,Bangalore,India,2026-08-06 16:11:07.932699,2026-08-06 16:11:07.932699
864,Bhavika,Shetty,krishnamurthynakul@example.com,5652017343,Panvel,India,2026-08-06 16:11:10.042822,2026-08-06 16:11:10.042822
865,Qasim,Comar,nicholasganesan@example.net,6734224493,Tiruppur,India,2026-08-06 16:11:11.840174,2026-08-06 16:11:11.840174
866,Chaaya,Morar,akshaysangha@example.com,3781027681,Arrah,India,2026-08-06 16:11:13.172696,2026-08-06 16:11:13.172696
867,Ubika,Keer,kumarpriya@example.net,5338545093,Malda,India,2026-08-06 16:11:15.165288,2026-08-06 16:11:15.165288
868,Kavya,Prabhakar,fariq53@example.com,7325895604,Kolhapur,India,2026-08-06 16:11:17.337503,2026-08-06 16:11:17.337503
869,Mugdha,Kapadia,opau@example.com,2927534299,Naihati,India,2026-08-06 16:11:19.137390,2026-08-06 16:11:19.137390
870,Mitali,Dewan,tanaydhar@example.com,8601058198,Haridwar,India,2026-08-06 16:11:21.007692,2026-08-06 16:11:21.007692
871,Bachittar,Patil,chamelisinha@example.org,0815335539,Dhanbad,India,2026-08-06 16:11:22.420233,2026-08-06 16:11:22.420233
872,Zilmil,Wadhwa,lalaarna@example.org,9208169778,Mango,India,2026-08-06 16:11:23.682594,2026-08-06 16:11:23.682594
873,Anvi,Vora,aayush42@example.com,0597581743,Korba,India,2026-08-06 16:11:25.075306,2026-08-06 16:11:25.075306
874,Vidhi,Garg,dnarayan@example.net,3732154864,Belgaum,India,2026-08-06 16:11:26.517727,2026-08-06 16:11:26.517727
875,Andrew,Wason,narainchanakya@example.net,1342446693,Varanasi,India,2026-08-06 16:11:27.565009,2026-08-06 16:11:27.565009
876,Vrishti,Dhar,darazansi@example.net,7884637518,Bhiwandi,India,2026-08-06 16:11:29.417410,2026-08-06 16:11:29.417410
877,Lopa,Pall,bnadkarni@example.org,0576891729,Miryalaguda,India,2026-08-06 16:11:31.452914,2026-08-06 16:11:31.452914
878,Harita,Bhatti,osha14@example.org,0513566142,Ghaziabad,India,2026-08-06 16:11:32.587613,2026-08-06 16:11:32.587613
879,Saksham,Modi,idikasarkar@example.com,0244584323,Kochi,India,2026-08-06 16:11:33.742966,2026-08-06 16:11:33.742966
880,Faqid,Chatterjee,iborah@example.net,6566579922,Bhilai,India,2026-08-06 16:11:35.035439,2026-08-06 16:11:35.035439
881,Chaman,Sidhu,xitiratta@example.org,0537212340,Bharatpur,India,2026-08-06 16:11:36.372384,2026-08-06 16:11:36.372384
882,Hema,Gandhi,saksham39@example.com,4442982715,Bhusawal,India,2026-08-06 16:11:37.417896,2026-08-06 16:11:37.417896
883,Abha,Shere,gabamason@example.org,0974764584,Kochi,India,2026-08-06 16:11:39.197365,2026-08-06 16:11:39.197365
884,Turvi,Grover,faqid41@example.net,0031091760,Bidhannagar,India,2026-08-06 16:11:40.602645,2026-08-06 16:11:40.602645
885,Amara,Deep,ahalder@example.org,1761597055,Hapur,India,2026-08-06 16:11:42.092663,2026-08-06 16:11:42.092663
886,Gautam,Mander,champakahuja@example.net,6251608636,Machilipatnam,India,2026-08-06 16:11:44.062409,2026-08-06 16:11:44.062409
887,Naveen,Taneja,doctorvamakshi@example.com,3564111577,Kishanganj,India,2026-08-06 16:11:45.363154,2026-08-06 16:11:45.363154
888,Netra,Batta,sharmaharita@example.com,3114064747,Howrah,India,2026-08-06 16:11:46.852808,2026-08-06 16:11:46.852808
889,Waida,Prabhu,acharyajacob@example.com,1062762909,Saharsa,India,2026-08-06 16:11:48.452695,2026-08-06 16:11:48.452695
890,Azaan,Chhabra,darshsha@example.com,5169042018,Patiala,India,2026-08-06 16:11:49.620596,2026-08-06 16:11:49.620596
891,Sathvik,Mani,eatwal@example.com,8377295652,Agra,India,2026-08-06 16:11:50.972531,2026-08-06 16:11:50.972531
892,Ishita,Sengupta,vloke@example.com,2404986044,Sangli-Miraj & Kupwad,India,2026-08-06 16:11:52.200164,2026-08-06 16:11:52.200164
893,Kala,Mani,oamble@example.com,1470951255,Dibrugarh,India,2026-08-06 16:11:53.797163,2026-08-06 16:11:53.797163
894,Zilmil,Saxena,ranbir95@example.org,8238753503,Jamnagar,India,2026-08-06 16:11:55.572407,2026-08-06 16:11:55.572407
895,Tanveer,Kade,omajachar@example.org,8765659391,Tadipatri,India,2026-08-06 16:11:57.792527,2026-08-06 16:11:57.792527
896,Chaaya,Grewal,shankerhiral@example.net,9844752536,Sonipat,India,2026-08-06 16:11:58.897861,2026-08-06 16:11:58.897861
897,Joshua,Hegde,krishnamurthyluke@example.net,0329413705,Madanapalle,India,2026-08-06 16:12:02.327982,2026-08-06 16:12:02.327982
898,Kevin,Konda,megha70@example.net,5335206395,Gaya,India,2026-08-06 16:12:04.332709,2026-08-06 16:12:04.332709
899,Oni,Palla,giriksehgal@example.com,6534856488,Pali,India,2026-08-06 16:12:05.573102,2026-08-06 16:12:05.573102
900,Harsh,Hayer,sandhunitara@example.net,2599528608,Cuttack,India,2026-08-06 16:12:06.792506,2026-08-06 16:12:06.792506
901,Ria,Tata,ishajha@example.net,2577052210,Karimnagar,India,2026-08-06 16:12:08.032431,2026-08-06 16:12:08.032431
902,Jackson,Kamdar,daksha49@example.com,7342880620,Nadiad,India,2026-08-06 16:12:09.302603,2026-08-06 16:12:09.302603
903,Mahika,Bhagat,osachar@example.com,7719816363,Adoni,India,2026-08-06 16:12:10.570341,2026-08-06 16:12:10.570341
904,Libni,Singhal,ckalla@example.net,9583995930,Kavali,India,2026-08-06 16:12:11.797112,2026-08-06 16:12:11.797112
905,William,Mani,harini47@example.net,5136212664,Amritsar,India,2026-08-06 16:12:12.765483,2026-08-06 16:12:12.765483
906,Xavier,Amble,sdhillon@example.org,7748024591,Varanasi,India,2026-08-06 16:12:13.935071,2026-08-06 16:12:13.935071
907,Brijesh,Misra,aishanisandhu@example.org,5778344486,Nashik,India,2026-08-06 16:12:15.122568,2026-08-06 16:12:15.122568
908,Max,Narain,xmittal@example.com,2032210023,Silchar,India,2026-08-06 16:12:16.147878,2026-08-06 16:12:16.147878
909,Rishi,Viswanathan,jai95@example.org,3258473572,Chinsurah,India,2026-08-06 16:12:17.487729,2026-08-06 16:12:17.487729
910,Michael,Ratta,varsharattan@example.com,1861327710,Nandyal,India,2026-08-06 16:12:18.833107,2026-08-06 16:12:18.833107
911,Nirja,Sanghvi,nirjalal@example.org,2183666894,Adoni,India,2026-08-06 16:12:20.115382,2026-08-06 16:12:20.115382
912,Chandani,Chowdhury,zaid20@example.org,3946113484,Aizawl,India,2026-08-06 16:12:21.037385,2026-08-06 16:12:21.037385
913,Frederick,Nagar,anmolrau@example.com,4280292892,Tiruchirappalli,India,2026-08-06 16:12:22.535720,2026-08-06 16:12:22.535720
914,Vinaya,Sule,geetikachahal@example.net,6043441913,Vijayanagaram,India,2026-08-06 16:12:23.708920,2026-08-06 16:12:23.708920
915,Yachana,Raval,hgarg@example.com,1442627371,Cuttack,India,2026-08-06 16:12:24.877057,2026-08-06 16:12:24.877057
916,Chasmum,Barman,arjun66@example.com,6312153932,Kakinada,India,2026-08-06 16:12:26.633199,2026-08-06 16:12:26.633199
917,Darika,Chanda,zdash@example.net,4107669007,Agra,India,2026-08-06 16:12:27.922260,2026-08-06 16:12:27.922260
918,Om,Narang,wagleekapad@example.net,6479509846,Jalandhar,India,2026-08-06 16:12:29.129551,2026-08-06 16:12:29.129551
919,Fiyaz,Sampath,aradhana50@example.net,8803006548,Darbhanga,India,2026-08-06 16:12:30.339769,2026-08-06 16:12:30.339769
920,Edhitha,Verma,alexander42@example.org,7252164657,Surendranagar Dudhrej,India,2026-08-06 16:12:32.440316,2026-08-06 16:12:32.440316
921,Kiaan,Sundaram,dassadvay@example.com,3448878558,Bellary,India,2026-08-06 16:12:34.897600,2026-08-06 16:12:34.897600
922,Tejas,Bajwa,chaitanya77@example.com,7109820413,Durg,India,2026-08-06 16:12:36.675379,2026-08-06 16:12:36.675379
923,Varenya,Mani,vanya61@example.net,3216550783,Bikaner,India,2026-08-06 16:12:39.284764,2026-08-06 16:12:39.284764
924,Jatin,Rastogi,vaidyafalguni@example.org,1352816254,Noida,India,2026-08-06 16:12:41.602779,2026-08-06 16:12:41.602779
925,Yutika,Sibal,bakhshithakur@example.net,7256992358,Srinagar,India,2026-08-06 16:12:43.532369,2026-08-06 16:12:43.532369
926,Dayita,Sood,igarg@example.com,2388287564,Rajahmundry,India,2026-08-06 16:12:45.062384,2026-08-06 16:12:45.062384
927,Charita,Kumer,lakshvirk@example.net,0855535522,Amravati,India,2026-08-06 16:12:46.577445,2026-08-06 16:12:46.577445
928,Yoshita,Gala,gabrielmannan@example.net,6745240527,Bhilai,India,2026-08-06 16:12:49.283200,2026-08-06 16:12:49.283200
929,Ryan,Tata,lataudyati@example.org,9167930672,Durg,India,2026-08-06 16:12:50.618232,2026-08-06 16:12:50.618232
930,Nachiket,Loyal,leena40@example.org,0903221685,Sonipat,India,2026-08-06 16:12:52.008005,2026-08-06 16:12:52.008005
931,Anjali,Aggarwal,sarthaksarkar@example.com,3864920444,Sambalpur,India,2026-08-06 16:12:53.155483,2026-08-06 16:12:53.155483
932,Nidra,Venkataraman,tkamdar@example.com,7525206496,Tiruppur,India,2026-08-06 16:12:54.227827,2026-08-06 16:12:54.227827
933,Raksha,Gaba,suhani14@example.net,1964072583,Visakhapatnam,India,2026-08-06 16:12:55.642601,2026-08-06 16:12:55.642601
934,Barkha,Vyas,nnadkarni@example.com,7233561947,Hapur,India,2026-08-06 16:12:56.958305,2026-08-06 16:12:56.958305
935,Veer,Badami,mitterishanvi@example.com,0156707347,Haridwar,India,2026-08-06 16:12:58.300489,2026-08-06 16:12:58.300489
936,Parth,Joshi,anita93@example.net,2567840769,Bettiah,India,2026-08-06 16:12:59.867592,2026-08-06 16:12:59.867592
937,Zehaan,Kata,lila69@example.com,3706458471,Jamnagar,India,2026-08-06 16:13:00.707407,2026-08-06 16:13:00.707407
938,Max,Wadhwa,nachiket07@example.com,8689018579,Davanagere,India,2026-08-06 16:13:01.807331,2026-08-06 16:13:01.807331
939,Vrinda,Tank,anthony65@example.org,7039760580,Bettiah,India,2026-08-06 16:13:03.387810,2026-08-06 16:13:03.387810
940,Aradhana,Barad,lalareyansh@example.com,4520025601,Gaya,India,2026-08-06 16:13:04.557719,2026-08-06 16:13:04.557719
941,Yashica,Toor,fitan60@example.net,9194614848,Hubli–Dharwad,India,2026-08-06 16:13:06.129336,2026-08-06 16:13:06.129336
942,Oni,Bir,kamalaacharya@example.net,7267269952,Raurkela Industrial Township,India,2026-08-06 16:13:07.317531,2026-08-06 16:13:07.317531
943,Arjun,Purohit,falguni42@example.org,1709741038,Machilipatnam,India,2026-08-06 16:13:08.452852,2026-08-06 16:13:08.452852
944,Balveer,Iyer,baljiwankala@example.net,7617458562,Amritsar,India,2026-08-06 16:13:09.654527,2026-08-06 16:13:09.654527
945,Mason,Bhatnagar,gabrielsamra@example.org,9242913905,Naihati,India,2026-08-06 16:13:11.062953,2026-08-06 16:13:11.062953
946,Chatresh,Murthy,hgulati@example.org,3622268722,Udupi,India,2026-08-06 16:13:12.977631,2026-08-06 16:13:12.977631
947,Tanmayi,Chaudry,ysaini@example.com,8014576365,Nangloi Jat,India,2026-08-06 16:13:15.092731,2026-08-06 16:13:15.092731
948,Kabir,Handa,ozayuvraj@example.org,9330668547,Akola,India,2026-08-06 16:13:17.412945,2026-08-06 16:13:17.412945
949,Tripti,Khanna,chandani50@example.com,0343229489,Nagpur,India,2026-08-06 16:13:18.965449,2026-08-06 16:13:18.965449
950,Kiaan,Edwin,oommenishwar@example.net,9918500605,Tadepalligudem,India,2026-08-06 16:13:20.037847,2026-08-06 16:13:20.037847
951,Amrita,Gaba,chopranimrat@example.org,2606195205,Nashik,India,2026-08-06 16:13:21.179777,2026-08-06 16:13:21.179777
952,Vrishti,Sagar,ptak@example.org,3509654348,Kochi,India,2026-08-06 16:13:22.289974,2026-08-06 16:13:22.289974
953,Garima,Divan,wtrivedi@example.com,0954366945,Raurkela Industrial Township,India,2026-08-06 16:13:23.277899,2026-08-06 16:13:23.277899
954,Kalpit,Mander,riyabrahmbhatt@example.org,5480441214,Bhagalpur,India,2026-08-06 16:13:24.682284,2026-08-06 16:13:24.682284
955,Dev,Sibal,vaishnavi36@example.org,1414840686,Secunderabad,India,2026-08-06 16:13:25.845966,2026-08-06 16:13:25.845966
956,Upadhriti,Parikh,harsh08@example.net,1515716330,Tirunelveli,India,2026-08-06 16:13:27.282142,2026-08-06 16:13:27.282142
957,Ojasvi,Mani,nathojas@example.net,7286318890,Nangloi Jat,India,2026-08-06 16:13:28.722724,2026-08-06 16:13:28.722724
958,Isha,Suri,oviya07@example.com,1499584571,Gurgaon,India,2026-08-06 16:13:30.427814,2026-08-06 16:13:30.427814
959,Ishwar,Munshi,bperi@example.org,4290509995,Noida,India,2026-08-06 16:13:31.497640,2026-08-06 16:13:31.497640
960,Advay,Hans,samakshdey@example.net,1323890215,Ghaziabad,India,2026-08-06 16:13:32.544815,2026-08-06 16:13:32.544815
961,Darsh,Deo,fvala@example.org,8614174786,Gandhidham,India,2026-08-06 16:13:33.807369,2026-08-06 16:13:33.807369
962,Divya,Manda,cborah@example.net,0601896368,Belgaum,India,2026-08-06 16:13:34.837590,2026-08-06 16:13:34.837590
963,Kashish,Devan,arinlal@example.com,8844045926,Agra,India,2026-08-06 16:13:35.912475,2026-08-06 16:13:35.912475
964,Umang,Misra,jason49@example.com,2694312475,Mau,India,2026-08-06 16:13:37.047425,2026-08-06 16:13:37.047425
965,Chaitaly,Bava,nikita46@example.net,1537838877,Pimpri-Chinchwad,India,2026-08-06 16:13:38.286937,2026-08-06 16:13:38.286937
966,Leela,Mallick,qasimdatta@example.com,1536791434,Naihati,India,2026-08-06 16:13:39.532943,2026-08-06 16:13:39.532943
967,Shivani,Basu,xdani@example.com,4095074348,Phusro,India,2026-08-06 16:13:40.642615,2026-08-06 16:13:40.642615
968,Yatan,Kaur,battaayush@example.com,0158918981,Parbhani,India,2026-08-06 16:13:41.727797,2026-08-06 16:13:41.727797
969,Nathaniel,Nagar,tsankaran@example.net,3413036215,Warangal,India,2026-08-06 16:13:42.827663,2026-08-06 16:13:42.827663
970,Lekha,Batra,deshpandewyatt@example.com,8664435956,Asansol,India,2026-08-06 16:13:44.039686,2026-08-06 16:13:44.039686
971,Aadi,Menon,gauri05@example.org,0064488513,Bathinda,India,2026-08-06 16:13:45.003233,2026-08-06 16:13:45.003233
972,Reyansh,Murty,frado26@example.org,6341223184,Kolhapur,India,2026-08-06 16:13:46.122253,2026-08-06 16:13:46.122253
973,Widisha,Vora,omkaarbhatt@example.com,3881603533,Bidhannagar,India,2026-08-06 16:13:47.122227,2026-08-06 16:13:47.122227
974,Jagvi,Deshpande,pallavrishti@example.com,3616881691,Hazaribagh,India,2026-08-06 16:13:49.235326,2026-08-06 16:13:49.235326
975,Yashvi,Bhatia,neha35@example.net,3694820497,Anantapur,India,2026-08-06 16:13:50.623383,2026-08-06 16:13:50.623383
976,Aarav,Kanda,vbasak@example.org,9039973238,Siliguri,India,2026-08-06 16:13:52.110006,2026-08-06 16:13:52.110006
977,David,Karan,tghose@example.org,2966169491,Kalyan-Dombivli,India,2026-08-06 16:13:53.582635,2026-08-06 16:13:53.582635
978,Hemal,Pau,yatan93@example.com,1863752231,Madurai,India,2026-08-06 16:13:54.734479,2026-08-06 16:13:54.734479
979,Neel,Khosla,kwable@example.net,4316591571,Nizamabad,India,2026-08-06 16:13:55.832722,2026-08-06 16:13:55.832722
980,Chakrika,Parmer,fchowdhury@example.net,8040953505,Raipur,India,2026-08-06 16:13:56.992508,2026-08-06 16:13:56.992508
981,Aishani,Sehgal,qsodhi@example.com,3456448840,Satna,India,2026-08-06 16:13:58.042302,2026-08-06 16:13:58.042302
982,Girindra,Shetty,isur@example.net,9716985770,Avadi,India,2026-08-06 16:13:59.089833,2026-08-06 16:13:59.089833
983,Urishilla,Sur,simonkade@example.com,0624278051,Bulandshahr,India,2026-08-06 16:14:00.307341,2026-08-06 16:14:00.307341
984,Lakshmi,Hayer,iryagrover@example.net,1724031948,Agra,India,2026-08-06 16:14:01.465066,2026-08-06 16:14:01.465066
985,Falguni,Babu,omisha03@example.com,9936945223,Ramgarh,India,2026-08-06 16:14:02.642675,2026-08-06 16:14:02.642675
986,Chandresh,Iyengar,giriksen@example.com,6933526141,Vellore,India,2026-08-06 16:14:03.939979,2026-08-06 16:14:03.939979
987,Ishanvi,Singhal,charan16@example.org,9760234526,Kharagpur,India,2026-08-06 16:14:05.274530,2026-08-06 16:14:05.274530
988,Chameli,Mistry,chokshiharshil@example.com,1530959401,Kottayam,India,2026-08-06 16:14:06.494908,2026-08-06 16:14:06.494908
989,Tara,Gole,theodore92@example.com,2939826627,Mirzapur,India,2026-08-06 16:14:07.862518,2026-08-06 16:14:07.862518
990,Hitesh,Chahal,ghoshumang@example.org,0631052951,Bhubaneswar,India,2026-08-06 16:14:09.040182,2026-08-06 16:14:09.040182
991,Isha,Handa,chanchaltripathi@example.net,3413461336,Kirari Suleman Nagar,India,2026-08-06 16:14:10.259876,2026-08-06 16:14:10.259876
992,Ansh,Bal,ykota@example.org,8008639915,Pali,India,2026-08-06 16:14:11.430344,2026-08-06 16:14:11.430344
993,Udant,Singh,jackson69@example.net,2864427160,Bhilwara,India,2026-08-06 16:14:12.679618,2026-08-06 16:14:12.679618
994,Gavin,Raja,rushildevan@example.com,4362979328,Ratlam,India,2026-08-06 16:14:13.708003,2026-08-06 16:14:13.708003
995,Ranveer,Zacharia,gautami46@example.org,5384713744,Fatehpur,India,2026-08-06 16:14:15.087503,2026-08-06 16:14:15.087503
996,Zehaan,Dubey,hamsini57@example.net,6817122536,Naihati,India,2026-08-06 16:14:16.402852,2026-08-06 16:14:16.402852
997,Oeshi,Sen,leelaraghavan@example.com,5891036720,Jamalpur,India,2026-08-06 16:14:17.570492,2026-08-06 16:14:17.570492
998,Yamini,Amble,darchakradhar@example.net,3107877946,Bathinda,India,2026-08-06 16:14:18.822872,2026-08-06 16:14:18.822872
999,Damini,Dyal,adada@example.org,3591265148,Jamnagar,India,2026-08-06 16:14:19.882837,2026-08-06 16:14:19.882837
1000,Manbir,Shankar,fbuch@example.net,4635014128,Udaipur,India,2026-08-06 16:14:22.045043,2026-08-06 16:14:22.045043
1001,Balendra,Sem,darsh66@example.com,9385390079,Gudivada,India,2026-08-06 16:14:23.262837,2026-08-06 16:14:23.262837
